ISO-10303-21;
HEADER;

/* File generated by T-FLEX CAD Version 17.1.6.0 */

FILE_DESCRIPTION(('TFLEX Exchange Step'),'2;1');

FILE_NAME('X2\041A043E0440043F04430441\X0\.stp',                                                                                
'2026-05-24T22:13:57+03:00',
('user'),
('Unknown organisation'),
'TFLEX Exchange 2024.0',
'T-FLEX CAD',
'Unknown authorisation');

FILE_SCHEMA( ('AUTOMOTIVE_DESIGN { 1 0 10303 214 1 1 1 1 }') );

ENDSEC;

DATA;
#3=(NAMED_UNIT(*)PLANE_ANGLE_UNIT()SI_UNIT($,.RADIAN.));
#4=PLANE_ANGLE_MEASURE_WITH_UNIT(PLANE_ANGLE_MEASURE(0.0174532925),#3);
#5=(CONVERSION_BASED_UNIT('DEGREE',#4)NAMED_UNIT(#6)PLANE_ANGLE_UNIT());
#6=DIMENSIONAL_EXPONENTS(0.,0.,0.,0.,0.,0.,0.);
#7=(NAMED_UNIT(*)SI_UNIT($,.STERADIAN.)SOLID_ANGLE_UNIT());
#8=(LENGTH_UNIT()NAMED_UNIT(*)SI_UNIT(.MILLI.,.METRE.));
#9=UNCERTAINTY_MEASURE_WITH_UNIT(LENGTH_MEASURE(1.000000E-05),#8,'DISTANCE_ACCURACY_VALUE','Maximum Tolerance applied to model');
#10=(GEOMETRIC_REPRESENTATION_CONTEXT(3)GLOBAL_UNCERTAINTY_ASSIGNED_CONTEXT((#9))GLOBAL_UNIT_ASSIGNED_CONTEXT((#8,#5,#7))REPRESENTATION_CONTEXT('','\X2\041A043E0440043F04430441\X0\'));
#12=CARTESIAN_POINT('',(0.,0.,0.));
#13=DIRECTION('',(0.,0.,1.));
#14=DIRECTION('',(1.,0.,0.));
#15=AXIS2_PLACEMENT_3D('',#12,#13,#14);
#27=CARTESIAN_POINT('',(-143.,0.,5.));
#28=DIRECTION('',(0.,1.,0.));
#29=DIRECTION('',(0.,0.,1.));
#30=AXIS2_PLACEMENT_3D('',#27,#28,#29);
#31=PLANE('',#30);
#32=CARTESIAN_POINT('',(-122.,0.,1.5));
#33=VERTEX_POINT('',#32);
#34=CARTESIAN_POINT('',(-126.,0.,1.5));
#35=VERTEX_POINT('',#34);
#36=CARTESIAN_POINT('',(-122.,0.,1.5));
#37=DIRECTION('',(-1.,0.,0.));
#38=VECTOR('',#37,4.);
#39=LINE('',#36,#38);
#40=EDGE_CURVE('',#33,#35,#39,.T.);
#41=ORIENTED_EDGE('',*,*,#40,.F.);
#42=CARTESIAN_POINT('',(-122.,0.,5.));
#43=VERTEX_POINT('',#42);
#44=CARTESIAN_POINT('',(-122.,0.,1.5));
#45=DIRECTION('',(0.,0.,1.));
#46=VECTOR('',#45,3.5);
#47=LINE('',#44,#46);
#48=EDGE_CURVE('',#33,#43,#47,.T.);
#49=ORIENTED_EDGE('',*,*,#48,.T.);
#50=CARTESIAN_POINT('',(-53.,0.,5.));
#51=VERTEX_POINT('',#50);
#52=CARTESIAN_POINT('',(-122.,0.,5.));
#53=DIRECTION('',(1.,0.,-0.));
#54=VECTOR('',#53,69.);
#55=LINE('',#52,#54);
#56=EDGE_CURVE('',#43,#51,#55,.T.);
#57=ORIENTED_EDGE('',*,*,#56,.T.);
#58=CARTESIAN_POINT('',(-53.,0.,0.));
#59=VERTEX_POINT('',#58);
#60=CARTESIAN_POINT('',(-53.,0.,5.));
#61=DIRECTION('',(0.,0.,-1.));
#62=VECTOR('',#61,5.);
#63=LINE('',#60,#62);
#64=EDGE_CURVE('',#51,#59,#63,.T.);
#65=ORIENTED_EDGE('',*,*,#64,.T.);
#66=CARTESIAN_POINT('',(-143.,0.,0.));
#67=VERTEX_POINT('',#66);
#68=CARTESIAN_POINT('',(-143.,0.,0.));
#69=DIRECTION('',(1.,0.,-0.));
#70=VECTOR('',#69,90.);
#71=LINE('',#68,#70);
#72=EDGE_CURVE('',#67,#59,#71,.T.);
#73=ORIENTED_EDGE('',*,*,#72,.F.);
#74=CARTESIAN_POINT('',(-143.,0.,5.));
#75=VERTEX_POINT('',#74);
#76=CARTESIAN_POINT('',(-143.,0.,5.));
#77=DIRECTION('',(0.,0.,-1.));
#78=VECTOR('',#77,5.);
#79=LINE('',#76,#78);
#80=EDGE_CURVE('',#75,#67,#79,.T.);
#81=ORIENTED_EDGE('',*,*,#80,.F.);
#82=CARTESIAN_POINT('',(-126.,0.,5.));
#83=VERTEX_POINT('',#82);
#84=CARTESIAN_POINT('',(-143.,0.,5.));
#85=DIRECTION('',(1.,0.,-0.));
#86=VECTOR('',#85,17.);
#87=LINE('',#84,#86);
#88=EDGE_CURVE('',#75,#83,#87,.T.);
#89=ORIENTED_EDGE('',*,*,#88,.T.);
#90=CARTESIAN_POINT('',(-126.,0.,1.5));
#91=DIRECTION('',(0.,0.,1.));
#92=VECTOR('',#91,3.5);
#93=LINE('',#90,#92);
#94=EDGE_CURVE('',#35,#83,#93,.T.);
#95=ORIENTED_EDGE('',*,*,#94,.F.);
#96=EDGE_LOOP('',(#41,#49,#57,#65,#73,#81,#89,#95));
#97=FACE_BOUND('',#96,.T.);
#98=ADVANCED_FACE('',(#97),#31,.T.);
#99=CARTESIAN_POINT('',(-59.70111733,-49.,5.));
#100=DIRECTION('',(0.,0.,-1.));
#101=DIRECTION('',(-1.,0.,0.));
#102=AXIS2_PLACEMENT_3D('',#99,#100,#101);
#103=PLANE('',#102);
#104=CARTESIAN_POINT('',(-124.,-50.,5.));
#105=VERTEX_POINT('',#104);
#106=CARTESIAN_POINT('',(-132.,-50.,5.));
#107=DIRECTION('',(0.,0.,1.));
#108=DIRECTION('',(1.,0.,-0.));
#109=AXIS2_PLACEMENT_3D('',#106,#107,#108);
#110=CIRCLE('',#109,8.);
#111=EDGE_CURVE('',#105,#105,#110,.T.);
#112=ORIENTED_EDGE('',*,*,#111,.F.);
#113=EDGE_LOOP('',(#112));
#114=FACE_BOUND('',#113,.T.);
#115=CARTESIAN_POINT('',(-19.5,-61.4,5.));
#116=VERTEX_POINT('',#115);
#117=CARTESIAN_POINT('',(-19.5,-62.5,5.));
#118=DIRECTION('',(0.,-0.,1.));
#119=DIRECTION('',(0.,1.,0.));
#120=AXIS2_PLACEMENT_3D('',#117,#118,#119);
#121=CIRCLE('',#120,1.1);
#122=EDGE_CURVE('',#116,#116,#121,.T.);
#123=ORIENTED_EDGE('',*,*,#122,.F.);
#124=EDGE_LOOP('',(#123));
#125=FACE_BOUND('',#124,.T.);
#126=CARTESIAN_POINT('',(-19.5,-23.4,5.));
#127=VERTEX_POINT('',#126);
#128=CARTESIAN_POINT('',(-19.5,-24.5,5.));
#129=DIRECTION('',(0.,-0.,1.));
#130=DIRECTION('',(0.,1.,0.));
#131=AXIS2_PLACEMENT_3D('',#128,#129,#130);
#132=CIRCLE('',#131,1.1);
#133=EDGE_CURVE('',#127,#127,#132,.T.);
#134=ORIENTED_EDGE('',*,*,#133,.F.);
#135=EDGE_LOOP('',(#134));
#136=FACE_BOUND('',#135,.T.);
#137=CARTESIAN_POINT('',(-96.,-21.4,5.));
#138=VERTEX_POINT('',#137);
#139=CARTESIAN_POINT('',(-96.,-22.5,5.));
#140=DIRECTION('',(0.,-0.,1.));
#141=DIRECTION('',(0.,1.,0.));
#142=AXIS2_PLACEMENT_3D('',#139,#140,#141);
#143=CIRCLE('',#142,1.1);
#144=EDGE_CURVE('',#138,#138,#143,.T.);
#145=ORIENTED_EDGE('',*,*,#144,.F.);
#146=EDGE_LOOP('',(#145));
#147=FACE_BOUND('',#146,.T.);
#148=CARTESIAN_POINT('',(-96.,-59.4,5.));
#149=VERTEX_POINT('',#148);
#150=CARTESIAN_POINT('',(-96.,-60.5,5.));
#151=DIRECTION('',(0.,-0.,1.));
#152=DIRECTION('',(0.,1.,0.));
#153=AXIS2_PLACEMENT_3D('',#150,#151,#152);
#154=CIRCLE('',#153,1.1);
#155=EDGE_CURVE('',#149,#149,#154,.T.);
#156=ORIENTED_EDGE('',*,*,#155,.F.);
#157=EDGE_LOOP('',(#156));
#158=FACE_BOUND('',#157,.T.);
#159=CARTESIAN_POINT('',(-120.47317055,-76.811225185,5.));
#160=VERTEX_POINT('',#159);
#161=CARTESIAN_POINT('',(-120.47317055,-77.911225185,5.));
#162=DIRECTION('',(0.,-0.,1.));
#163=DIRECTION('',(0.,1.,0.));
#164=AXIS2_PLACEMENT_3D('',#161,#162,#163);
#165=CIRCLE('',#164,1.1);
#166=EDGE_CURVE('',#160,#160,#165,.T.);
#167=ORIENTED_EDGE('',*,*,#166,.F.);
#168=EDGE_LOOP('',(#167));
#169=FACE_BOUND('',#168,.T.);
#170=CARTESIAN_POINT('',(-122.,-45.,5.));
#171=VERTEX_POINT('',#170);
#172=CARTESIAN_POINT('',(-122.,-57.,5.));
#173=VERTEX_POINT('',#172);
#174=CARTESIAN_POINT('',(-122.,-45.,5.));
#175=DIRECTION('',(0.,-1.,0.));
#176=VECTOR('',#175,12.);
#177=LINE('',#174,#176);
#178=EDGE_CURVE('',#171,#173,#177,.T.);
#179=ORIENTED_EDGE('',*,*,#178,.F.);
#180=CARTESIAN_POINT('',(-124.,-43.,5.));
#181=VERTEX_POINT('',#180);
#182=CARTESIAN_POINT('',(-124.,-45.,5.));
#183=DIRECTION('',(-0.,-0.,1.));
#184=DIRECTION('',(-1.,0.,0.));
#185=AXIS2_PLACEMENT_3D('',#182,#183,#184);
#186=CIRCLE('',#185,2.);
#187=EDGE_CURVE('',#171,#181,#186,.T.);
#188=ORIENTED_EDGE('',*,*,#187,.T.);
#189=CARTESIAN_POINT('',(-126.,-41.,5.));
#190=VERTEX_POINT('',#189);
#191=CARTESIAN_POINT('',(-124.,-41.,5.));
#192=DIRECTION('',(0.,0.,-1.));
#193=DIRECTION('',(-1.,0.,0.));
#194=AXIS2_PLACEMENT_3D('',#191,#192,#193);
#195=CIRCLE('',#194,2.);
#196=EDGE_CURVE('',#181,#190,#195,.T.);
#197=ORIENTED_EDGE('',*,*,#196,.T.);
#198=CARTESIAN_POINT('',(-126.,0.,5.));
#199=DIRECTION('',(-0.,-1.,0.));
#200=VECTOR('',#199,41.);
#201=LINE('',#198,#200);
#202=EDGE_CURVE('',#83,#190,#201,.T.);
#203=ORIENTED_EDGE('',*,*,#202,.F.);
#204=ORIENTED_EDGE('',*,*,#88,.F.);
#205=CARTESIAN_POINT('',(-143.,-49.,5.));
#206=VERTEX_POINT('',#205);
#207=CARTESIAN_POINT('',(-143.,-49.,5.));
#208=DIRECTION('',(0.,1.,0.));
#209=VECTOR('',#208,49.);
#210=LINE('',#207,#209);
#211=EDGE_CURVE('',#206,#75,#210,.T.);
#212=ORIENTED_EDGE('',*,*,#211,.F.);
#213=CARTESIAN_POINT('',(-135.29016319,-84.,5.));
#214=VERTEX_POINT('',#213);
#215=CARTESIAN_POINT('',(-59.70111733,-49.,5.));
#216=DIRECTION('',(0.,0.,-1.));
#217=DIRECTION('',(-1.,0.,0.));
#218=AXIS2_PLACEMENT_3D('',#215,#216,#217);
#219=CIRCLE('',#218,83.29888267);
#220=EDGE_CURVE('',#214,#206,#219,.T.);
#221=ORIENTED_EDGE('',*,*,#220,.F.);
#222=CARTESIAN_POINT('',(-121.722431864,-107.5,5.));
#223=VERTEX_POINT('',#222);
#224=CARTESIAN_POINT('',(-121.722431864,-107.5,5.));
#225=DIRECTION('',(-0.5,0.866025404,0.));
#226=VECTOR('',#225,27.135462652);
#227=LINE('',#224,#226);
#228=EDGE_CURVE('',#223,#214,#227,.T.);
#229=ORIENTED_EDGE('',*,*,#228,.F.);
#230=CARTESIAN_POINT('',(-107.,-99.,5.));
#231=VERTEX_POINT('',#230);
#232=CARTESIAN_POINT('',(-107.,-99.,5.));
#233=DIRECTION('',(-0.866025404,-0.5,0.));
#234=VECTOR('',#233,17.);
#235=LINE('',#232,#234);
#236=EDGE_CURVE('',#231,#223,#235,.T.);
#237=ORIENTED_EDGE('',*,*,#236,.F.);
#238=CARTESIAN_POINT('',(-47.,-99.,5.));
#239=VERTEX_POINT('',#238);
#240=CARTESIAN_POINT('',(-47.,-99.,5.));
#241=DIRECTION('',(-1.,0.,0.));
#242=VECTOR('',#241,60.);
#243=LINE('',#240,#242);
#244=EDGE_CURVE('',#239,#231,#243,.T.);
#245=ORIENTED_EDGE('',*,*,#244,.F.);
#246=CARTESIAN_POINT('',(-47.,-87.183925416,5.));
#247=VERTEX_POINT('',#246);
#248=CARTESIAN_POINT('',(-47.,-87.183925416,5.));
#249=DIRECTION('',(0.,-1.,0.));
#250=VECTOR('',#249,11.816074584);
#251=LINE('',#248,#250);
#252=EDGE_CURVE('',#247,#239,#251,.T.);
#253=ORIENTED_EDGE('',*,*,#252,.F.);
#254=CARTESIAN_POINT('',(-43.816074584,-84.,5.));
#255=VERTEX_POINT('',#254);
#256=CARTESIAN_POINT('',(-43.816074584,-87.183925416,5.));
#257=DIRECTION('',(0.,0.,1.));
#258=DIRECTION('',(0.,-1.,0.));
#259=AXIS2_PLACEMENT_3D('',#256,#257,#258);
#260=CIRCLE('',#259,3.183925416);
#261=EDGE_CURVE('',#255,#247,#260,.T.);
#262=ORIENTED_EDGE('',*,*,#261,.F.);
#263=CARTESIAN_POINT('',(0.,-84.,5.));
#264=VERTEX_POINT('',#263);
#265=CARTESIAN_POINT('',(0.,-84.,5.));
#266=DIRECTION('',(-1.,0.,0.));
#267=VECTOR('',#266,43.816074584);
#268=LINE('',#265,#267);
#269=EDGE_CURVE('',#264,#255,#268,.T.);
#270=ORIENTED_EDGE('',*,*,#269,.F.);
#271=CARTESIAN_POINT('',(0.,-6.,5.));
#272=VERTEX_POINT('',#271);
#273=CARTESIAN_POINT('',(0.,-6.,5.));
#274=DIRECTION('',(0.,-1.,0.));
#275=VECTOR('',#274,78.);
#276=LINE('',#273,#275);
#277=EDGE_CURVE('',#272,#264,#276,.T.);
#278=ORIENTED_EDGE('',*,*,#277,.F.);
#279=CARTESIAN_POINT('',(-53.,0.,5.));
#280=CARTESIAN_POINT('',(-1.892105458,-0.806360128,5.));
#281=CARTESIAN_POINT('',(0.,-6.,5.));
#282=B_SPLINE_CURVE_WITH_KNOTS('',2,(#279,#280,#281),.UNSPECIFIED.,.F.,.F.,(3,3),(0.,1.),.UNSPECIFIED.);
#283=EDGE_CURVE('',#51,#272,#282,.T.);
#284=ORIENTED_EDGE('',*,*,#283,.F.);
#285=ORIENTED_EDGE('',*,*,#56,.F.);
#286=CARTESIAN_POINT('',(-122.,-21.,5.));
#287=VERTEX_POINT('',#286);
#288=CARTESIAN_POINT('',(-122.,-21.,5.));
#289=DIRECTION('',(0.,1.,0.));
#290=VECTOR('',#289,21.);
#291=LINE('',#288,#290);
#292=EDGE_CURVE('',#287,#43,#291,.T.);
#293=ORIENTED_EDGE('',*,*,#292,.F.);
#294=CARTESIAN_POINT('',(-118.,-25.,5.));
#295=VERTEX_POINT('',#294);
#296=CARTESIAN_POINT('',(-118.,-21.,5.));
#297=DIRECTION('',(-0.,-0.,1.));
#298=DIRECTION('',(-1.,0.,0.));
#299=AXIS2_PLACEMENT_3D('',#296,#297,#298);
#300=CIRCLE('',#299,4.);
#301=EDGE_CURVE('',#287,#295,#300,.T.);
#302=ORIENTED_EDGE('',*,*,#301,.T.);
#303=CARTESIAN_POINT('',(-37.,-25.,5.));
#304=VERTEX_POINT('',#303);
#305=CARTESIAN_POINT('',(-37.,-25.,5.));
#306=DIRECTION('',(-1.,0.,0.));
#307=VECTOR('',#306,81.);
#308=LINE('',#305,#307);
#309=EDGE_CURVE('',#304,#295,#308,.T.);
#310=ORIENTED_EDGE('',*,*,#309,.F.);
#311=CARTESIAN_POINT('',(-37.,-57.,5.));
#312=VERTEX_POINT('',#311);
#313=CARTESIAN_POINT('',(-37.,-57.,5.));
#314=DIRECTION('',(0.,1.,0.));
#315=VECTOR('',#314,32.);
#316=LINE('',#313,#315);
#317=EDGE_CURVE('',#312,#304,#316,.T.);
#318=ORIENTED_EDGE('',*,*,#317,.F.);
#319=CARTESIAN_POINT('',(-122.,-57.,5.));
#320=DIRECTION('',(1.,-0.,0.));
#321=VECTOR('',#320,85.);
#322=LINE('',#319,#321);
#323=EDGE_CURVE('',#173,#312,#322,.T.);
#324=ORIENTED_EDGE('',*,*,#323,.F.);
#325=EDGE_LOOP('',(#179,#188,#197,#203,#204,#212,#221,#229,#237,#245,#253,#262,#270,#278,#284,#285,#293,#302,#310,#318,#324));
#326=FACE_BOUND('',#325,.T.);
#327=ADVANCED_FACE('',(#114,#125,#136,#147,#158,#169,#326),#103,.F.);
#328=CARTESIAN_POINT('',(-53.,0.,5.));
#329=CARTESIAN_POINT('',(-53.,0.,0.));
#330=CARTESIAN_POINT('',(-1.892105458,-0.806360128,5.));
#331=CARTESIAN_POINT('',(-1.892105458,-0.806360128,0.));
#332=CARTESIAN_POINT('',(0.,-6.,5.));
#333=CARTESIAN_POINT('',(0.,-6.,0.));
#334=B_SPLINE_SURFACE_WITH_KNOTS('',2,1,((#328,#329),(#330,#331),(#332,#333)),.UNSPECIFIED.,.F.,.F.,.U.,(3,3),(2,2),(0.,1.),(0.,1.),.UNSPECIFIED.);
#335=CARTESIAN_POINT('',(0.,-6.,0.));
#336=VERTEX_POINT('',#335);
#337=CARTESIAN_POINT('',(-53.,0.,0.));
#338=CARTESIAN_POINT('',(-1.892105458,-0.806360128,0.));
#339=CARTESIAN_POINT('',(0.,-6.,0.));
#340=B_SPLINE_CURVE_WITH_KNOTS('',2,(#337,#338,#339),.UNSPECIFIED.,.F.,.F.,(3,3),(0.,1.),.UNSPECIFIED.);
#341=EDGE_CURVE('',#59,#336,#340,.T.);
#342=ORIENTED_EDGE('',*,*,#341,.F.);
#343=ORIENTED_EDGE('',*,*,#64,.F.);
#344=ORIENTED_EDGE('',*,*,#283,.T.);
#345=CARTESIAN_POINT('',(0.,-6.,5.));
#346=DIRECTION('',(0.,0.,-1.));
#347=VECTOR('',#346,5.);
#348=LINE('',#345,#347);
#349=EDGE_CURVE('',#272,#336,#348,.T.);
#350=ORIENTED_EDGE('',*,*,#349,.T.);
#351=EDGE_LOOP('',(#342,#343,#344,#350));
#352=FACE_BOUND('',#351,.T.);
#353=ADVANCED_FACE('',(#352),#334,.T.);
#354=CARTESIAN_POINT('',(0.,-84.,5.));
#355=DIRECTION('',(1.,0.,0.));
#356=DIRECTION('',(0.,0.,-1.));
#357=AXIS2_PLACEMENT_3D('',#354,#355,#356);
#358=PLANE('',#357);
#359=CARTESIAN_POINT('',(0.,-84.,0.));
#360=VERTEX_POINT('',#359);
#361=CARTESIAN_POINT('',(0.,-6.,0.));
#362=DIRECTION('',(0.,-1.,0.));
#363=VECTOR('',#362,78.);
#364=LINE('',#361,#363);
#365=EDGE_CURVE('',#336,#360,#364,.T.);
#366=ORIENTED_EDGE('',*,*,#365,.F.);
#367=ORIENTED_EDGE('',*,*,#349,.F.);
#368=ORIENTED_EDGE('',*,*,#277,.T.);
#369=CARTESIAN_POINT('',(0.,-84.,5.));
#370=DIRECTION('',(0.,0.,-1.));
#371=VECTOR('',#370,5.);
#372=LINE('',#369,#371);
#373=EDGE_CURVE('',#264,#360,#372,.T.);
#374=ORIENTED_EDGE('',*,*,#373,.T.);
#375=EDGE_LOOP('',(#366,#367,#368,#374));
#376=FACE_BOUND('',#375,.T.);
#377=ADVANCED_FACE('',(#376),#358,.T.);
#378=CARTESIAN_POINT('',(0.,-84.,5.));
#379=DIRECTION('',(0.,-1.,0.));
#380=DIRECTION('',(0.,0.,-1.));
#381=AXIS2_PLACEMENT_3D('',#378,#379,#380);
#382=PLANE('',#381);
#383=CARTESIAN_POINT('',(-43.816074584,-84.,0.));
#384=VERTEX_POINT('',#383);
#385=CARTESIAN_POINT('',(0.,-84.,0.));
#386=DIRECTION('',(-1.,0.,0.));
#387=VECTOR('',#386,43.816074584);
#388=LINE('',#385,#387);
#389=EDGE_CURVE('',#360,#384,#388,.T.);
#390=ORIENTED_EDGE('',*,*,#389,.F.);
#391=ORIENTED_EDGE('',*,*,#373,.F.);
#392=ORIENTED_EDGE('',*,*,#269,.T.);
#393=CARTESIAN_POINT('',(-43.816074584,-84.,5.));
#394=DIRECTION('',(0.,0.,-1.));
#395=VECTOR('',#394,5.);
#396=LINE('',#393,#395);
#397=EDGE_CURVE('',#255,#384,#396,.T.);
#398=ORIENTED_EDGE('',*,*,#397,.T.);
#399=EDGE_LOOP('',(#390,#391,#392,#398));
#400=FACE_BOUND('',#399,.T.);
#401=ADVANCED_FACE('',(#400),#382,.T.);
#402=CARTESIAN_POINT('',(-43.816074584,-87.183925416,5.));
#403=DIRECTION('',(0.,0.,-1.));
#404=DIRECTION('',(-1.,0.,0.));
#405=AXIS2_PLACEMENT_3D('',#402,#403,#404);
#406=CYLINDRICAL_SURFACE('',#405,3.183925416);
#407=CARTESIAN_POINT('',(-47.,-87.183925416,0.));
#408=VERTEX_POINT('',#407);
#409=CARTESIAN_POINT('',(-43.816074584,-87.183925416,0.));
#410=DIRECTION('',(0.,0.,1.));
#411=DIRECTION('',(0.,-1.,0.));
#412=AXIS2_PLACEMENT_3D('',#409,#410,#411);
#413=CIRCLE('',#412,3.183925416);
#414=EDGE_CURVE('',#384,#408,#413,.T.);
#415=ORIENTED_EDGE('',*,*,#414,.F.);
#416=ORIENTED_EDGE('',*,*,#397,.F.);
#417=ORIENTED_EDGE('',*,*,#261,.T.);
#418=CARTESIAN_POINT('',(-47.,-87.183925416,5.));
#419=DIRECTION('',(0.,0.,-1.));
#420=VECTOR('',#419,5.);
#421=LINE('',#418,#420);
#422=EDGE_CURVE('',#247,#408,#421,.T.);
#423=ORIENTED_EDGE('',*,*,#422,.T.);
#424=EDGE_LOOP('',(#415,#416,#417,#423));
#425=FACE_BOUND('',#424,.T.);
#426=ADVANCED_FACE('',(#425),#406,.F.);
#427=CARTESIAN_POINT('',(-47.,-87.183925416,5.));
#428=DIRECTION('',(1.,0.,0.));
#429=DIRECTION('',(0.,0.,-1.));
#430=AXIS2_PLACEMENT_3D('',#427,#428,#429);
#431=PLANE('',#430);
#432=CARTESIAN_POINT('',(-47.,-99.,0.));
#433=VERTEX_POINT('',#432);
#434=CARTESIAN_POINT('',(-47.,-87.183925416,0.));
#435=DIRECTION('',(0.,-1.,0.));
#436=VECTOR('',#435,11.816074584);
#437=LINE('',#434,#436);
#438=EDGE_CURVE('',#408,#433,#437,.T.);
#439=ORIENTED_EDGE('',*,*,#438,.F.);
#440=ORIENTED_EDGE('',*,*,#422,.F.);
#441=ORIENTED_EDGE('',*,*,#252,.T.);
#442=CARTESIAN_POINT('',(-47.,-99.,5.));
#443=DIRECTION('',(0.,0.,-1.));
#444=VECTOR('',#443,5.);
#445=LINE('',#442,#444);
#446=EDGE_CURVE('',#239,#433,#445,.T.);
#447=ORIENTED_EDGE('',*,*,#446,.T.);
#448=EDGE_LOOP('',(#439,#440,#441,#447));
#449=FACE_BOUND('',#448,.T.);
#450=ADVANCED_FACE('',(#449),#431,.T.);
#451=CARTESIAN_POINT('',(-47.,-99.,5.));
#452=DIRECTION('',(0.,-1.,0.));
#453=DIRECTION('',(0.,0.,-1.));
#454=AXIS2_PLACEMENT_3D('',#451,#452,#453);
#455=PLANE('',#454);
#456=CARTESIAN_POINT('',(-107.,-99.,0.));
#457=VERTEX_POINT('',#456);
#458=CARTESIAN_POINT('',(-47.,-99.,0.));
#459=DIRECTION('',(-1.,0.,0.));
#460=VECTOR('',#459,60.);
#461=LINE('',#458,#460);
#462=EDGE_CURVE('',#433,#457,#461,.T.);
#463=ORIENTED_EDGE('',*,*,#462,.F.);
#464=ORIENTED_EDGE('',*,*,#446,.F.);
#465=ORIENTED_EDGE('',*,*,#244,.T.);
#466=CARTESIAN_POINT('',(-107.,-99.,5.));
#467=DIRECTION('',(0.,0.,-1.));
#468=VECTOR('',#467,5.);
#469=LINE('',#466,#468);
#470=EDGE_CURVE('',#231,#457,#469,.T.);
#471=ORIENTED_EDGE('',*,*,#470,.T.);
#472=EDGE_LOOP('',(#463,#464,#465,#471));
#473=FACE_BOUND('',#472,.T.);
#474=ADVANCED_FACE('',(#473),#455,.T.);
#475=CARTESIAN_POINT('',(-107.,-99.,5.));
#476=DIRECTION('',(0.5,-0.866025404,0.));
#477=DIRECTION('',(0.866025404,0.5,0.));
#478=AXIS2_PLACEMENT_3D('',#475,#476,#477);
#479=PLANE('',#478);
#480=CARTESIAN_POINT('',(-121.722431864,-107.5,0.));
#481=VERTEX_POINT('',#480);
#482=CARTESIAN_POINT('',(-107.,-99.,0.));
#483=DIRECTION('',(-0.866025404,-0.5,0.));
#484=VECTOR('',#483,17.);
#485=LINE('',#482,#484);
#486=EDGE_CURVE('',#457,#481,#485,.T.);
#487=ORIENTED_EDGE('',*,*,#486,.F.);
#488=ORIENTED_EDGE('',*,*,#470,.F.);
#489=ORIENTED_EDGE('',*,*,#236,.T.);
#490=CARTESIAN_POINT('',(-121.722431864,-107.5,5.));
#491=DIRECTION('',(0.,0.,-1.));
#492=VECTOR('',#491,5.);
#493=LINE('',#490,#492);
#494=EDGE_CURVE('',#223,#481,#493,.T.);
#495=ORIENTED_EDGE('',*,*,#494,.T.);
#496=EDGE_LOOP('',(#487,#488,#489,#495));
#497=FACE_BOUND('',#496,.T.);
#498=ADVANCED_FACE('',(#497),#479,.T.);
#499=CARTESIAN_POINT('',(-121.722431864,-107.5,5.));
#500=DIRECTION('',(-0.866025404,-0.5,0.));
#501=DIRECTION('',(0.5,-0.866025404,0.));
#502=AXIS2_PLACEMENT_3D('',#499,#500,#501);
#503=PLANE('',#502);
#504=CARTESIAN_POINT('',(-135.29016319,-84.,0.));
#505=VERTEX_POINT('',#504);
#506=CARTESIAN_POINT('',(-121.722431864,-107.5,0.));
#507=DIRECTION('',(-0.5,0.866025404,0.));
#508=VECTOR('',#507,27.135462652);
#509=LINE('',#506,#508);
#510=EDGE_CURVE('',#481,#505,#509,.T.);
#511=ORIENTED_EDGE('',*,*,#510,.F.);
#512=ORIENTED_EDGE('',*,*,#494,.F.);
#513=ORIENTED_EDGE('',*,*,#228,.T.);
#514=CARTESIAN_POINT('',(-135.29016319,-84.,5.));
#515=DIRECTION('',(0.,0.,-1.));
#516=VECTOR('',#515,5.);
#517=LINE('',#514,#516);
#518=EDGE_CURVE('',#214,#505,#517,.T.);
#519=ORIENTED_EDGE('',*,*,#518,.T.);
#520=EDGE_LOOP('',(#511,#512,#513,#519));
#521=FACE_BOUND('',#520,.T.);
#522=ADVANCED_FACE('',(#521),#503,.T.);
#523=CARTESIAN_POINT('',(-59.70111733,-49.,5.));
#524=DIRECTION('',(0.,0.,-1.));
#525=DIRECTION('',(-1.,0.,0.));
#526=AXIS2_PLACEMENT_3D('',#523,#524,#525);
#527=CYLINDRICAL_SURFACE('',#526,83.29888267);
#528=CARTESIAN_POINT('',(-143.,-49.,0.));
#529=VERTEX_POINT('',#528);
#530=CARTESIAN_POINT('',(-59.70111733,-49.,0.));
#531=DIRECTION('',(0.,0.,-1.));
#532=DIRECTION('',(-1.,0.,0.));
#533=AXIS2_PLACEMENT_3D('',#530,#531,#532);
#534=CIRCLE('',#533,83.29888267);
#535=EDGE_CURVE('',#505,#529,#534,.T.);
#536=ORIENTED_EDGE('',*,*,#535,.F.);
#537=ORIENTED_EDGE('',*,*,#518,.F.);
#538=ORIENTED_EDGE('',*,*,#220,.T.);
#539=CARTESIAN_POINT('',(-143.,-49.,5.));
#540=DIRECTION('',(0.,0.,-1.));
#541=VECTOR('',#540,5.);
#542=LINE('',#539,#541);
#543=EDGE_CURVE('',#206,#529,#542,.T.);
#544=ORIENTED_EDGE('',*,*,#543,.T.);
#545=EDGE_LOOP('',(#536,#537,#538,#544));
#546=FACE_BOUND('',#545,.T.);
#547=ADVANCED_FACE('',(#546),#527,.T.);
#548=CARTESIAN_POINT('',(-143.,-49.,5.));
#549=DIRECTION('',(-1.,0.,0.));
#550=DIRECTION('',(0.,0.,1.));
#551=AXIS2_PLACEMENT_3D('',#548,#549,#550);
#552=PLANE('',#551);
#553=CARTESIAN_POINT('',(-143.,-49.,0.));
#554=DIRECTION('',(0.,1.,0.));
#555=VECTOR('',#554,49.);
#556=LINE('',#553,#555);
#557=EDGE_CURVE('',#529,#67,#556,.T.);
#558=ORIENTED_EDGE('',*,*,#557,.F.);
#559=ORIENTED_EDGE('',*,*,#543,.F.);
#560=ORIENTED_EDGE('',*,*,#211,.T.);
#561=ORIENTED_EDGE('',*,*,#80,.T.);
#562=EDGE_LOOP('',(#558,#559,#560,#561));
#563=FACE_BOUND('',#562,.T.);
#564=ADVANCED_FACE('',(#563),#552,.T.);
#565=CARTESIAN_POINT('',(-59.70111733,-49.,0.));
#566=DIRECTION('',(0.,0.,-1.));
#567=DIRECTION('',(-1.,0.,0.));
#568=AXIS2_PLACEMENT_3D('',#565,#566,#567);
#569=PLANE('',#568);
#570=CARTESIAN_POINT('',(-124.,-50.,0.));
#571=VERTEX_POINT('',#570);
#572=CARTESIAN_POINT('',(-132.,-50.,0.));
#573=DIRECTION('',(0.,0.,-1.));
#574=DIRECTION('',(-1.,0.,0.));
#575=AXIS2_PLACEMENT_3D('',#572,#573,#574);
#576=CIRCLE('',#575,8.);
#577=EDGE_CURVE('',#571,#571,#576,.T.);
#578=ORIENTED_EDGE('',*,*,#577,.F.);
#579=EDGE_LOOP('',(#578));
#580=FACE_BOUND('',#579,.T.);
#581=CARTESIAN_POINT('',(-120.47317055,-75.911225185,0.));
#582=VERTEX_POINT('',#581);
#583=CARTESIAN_POINT('',(-120.47317055,-77.911225185,0.));
#584=DIRECTION('',(0.,0.,-1.));
#585=DIRECTION('',(0.,1.,0.));
#586=AXIS2_PLACEMENT_3D('',#583,#584,#585);
#587=CIRCLE('',#586,2.);
#588=EDGE_CURVE('',#582,#582,#587,.T.);
#589=ORIENTED_EDGE('',*,*,#588,.F.);
#590=EDGE_LOOP('',(#589));
#591=FACE_BOUND('',#590,.T.);
#592=CARTESIAN_POINT('',(-96.,-58.5,0.));
#593=VERTEX_POINT('',#592);
#594=CARTESIAN_POINT('',(-96.,-60.5,0.));
#595=DIRECTION('',(0.,0.,-1.));
#596=DIRECTION('',(0.,1.,0.));
#597=AXIS2_PLACEMENT_3D('',#594,#595,#596);
#598=CIRCLE('',#597,2.);
#599=EDGE_CURVE('',#593,#593,#598,.T.);
#600=ORIENTED_EDGE('',*,*,#599,.F.);
#601=EDGE_LOOP('',(#600));
#602=FACE_BOUND('',#601,.T.);
#603=CARTESIAN_POINT('',(-96.,-20.5,0.));
#604=VERTEX_POINT('',#603);
#605=CARTESIAN_POINT('',(-96.,-22.5,0.));
#606=DIRECTION('',(0.,0.,-1.));
#607=DIRECTION('',(0.,1.,0.));
#608=AXIS2_PLACEMENT_3D('',#605,#606,#607);
#609=CIRCLE('',#608,2.);
#610=EDGE_CURVE('',#604,#604,#609,.T.);
#611=ORIENTED_EDGE('',*,*,#610,.F.);
#612=EDGE_LOOP('',(#611));
#613=FACE_BOUND('',#612,.T.);
#614=CARTESIAN_POINT('',(-19.5,-22.5,0.));
#615=VERTEX_POINT('',#614);
#616=CARTESIAN_POINT('',(-19.5,-24.5,0.));
#617=DIRECTION('',(0.,0.,-1.));
#618=DIRECTION('',(0.,1.,0.));
#619=AXIS2_PLACEMENT_3D('',#616,#617,#618);
#620=CIRCLE('',#619,2.);
#621=EDGE_CURVE('',#615,#615,#620,.T.);
#622=ORIENTED_EDGE('',*,*,#621,.F.);
#623=EDGE_LOOP('',(#622));
#624=FACE_BOUND('',#623,.T.);
#625=CARTESIAN_POINT('',(-19.5,-60.5,0.));
#626=VERTEX_POINT('',#625);
#627=CARTESIAN_POINT('',(-19.5,-62.5,0.));
#628=DIRECTION('',(0.,0.,-1.));
#629=DIRECTION('',(0.,1.,0.));
#630=AXIS2_PLACEMENT_3D('',#627,#628,#629);
#631=CIRCLE('',#630,2.);
#632=EDGE_CURVE('',#626,#626,#631,.T.);
#633=ORIENTED_EDGE('',*,*,#632,.F.);
#634=EDGE_LOOP('',(#633));
#635=FACE_BOUND('',#634,.T.);
#636=ORIENTED_EDGE('',*,*,#72,.T.);
#637=ORIENTED_EDGE('',*,*,#341,.T.);
#638=ORIENTED_EDGE('',*,*,#365,.T.);
#639=ORIENTED_EDGE('',*,*,#389,.T.);
#640=ORIENTED_EDGE('',*,*,#414,.T.);
#641=ORIENTED_EDGE('',*,*,#438,.T.);
#642=ORIENTED_EDGE('',*,*,#462,.T.);
#643=ORIENTED_EDGE('',*,*,#486,.T.);
#644=ORIENTED_EDGE('',*,*,#510,.T.);
#645=ORIENTED_EDGE('',*,*,#535,.T.);
#646=ORIENTED_EDGE('',*,*,#557,.T.);
#647=EDGE_LOOP('',(#636,#637,#638,#639,#640,#641,#642,#643,#644,#645,#646));
#648=FACE_BOUND('',#647,.T.);
#649=ADVANCED_FACE('',(#580,#591,#602,#613,#624,#635,#648),#569,.T.);
#650=CARTESIAN_POINT('',(-19.5,-62.5,5.));
#651=DIRECTION('',(0.,0.,-1.));
#652=DIRECTION('',(0.,1.,0.));
#653=AXIS2_PLACEMENT_3D('',#650,#651,#652);
#654=CYLINDRICAL_SURFACE('',#653,1.1);
#655=CARTESIAN_POINT('',(-19.5,-61.4,1.));
#656=VERTEX_POINT('',#655);
#657=CARTESIAN_POINT('',(-19.5,-61.4,1.));
#658=DIRECTION('',(-0.,-0.,1.));
#659=VECTOR('',#658,4.);
#660=LINE('',#657,#659);
#661=EDGE_CURVE('',#656,#116,#660,.T.);
#662=ORIENTED_EDGE('',*,*,#661,.F.);
#663=CARTESIAN_POINT('',(-19.5,-62.5,1.));
#664=DIRECTION('',(0.,-0.,1.));
#665=DIRECTION('',(0.,1.,0.));
#666=AXIS2_PLACEMENT_3D('',#663,#664,#665);
#667=CIRCLE('',#666,1.1);
#668=EDGE_CURVE('',#656,#656,#667,.T.);
#669=ORIENTED_EDGE('',*,*,#668,.F.);
#670=ORIENTED_EDGE('',*,*,#661,.T.);
#671=ORIENTED_EDGE('',*,*,#122,.T.);
#672=EDGE_LOOP('',(#662,#669,#670,#671));
#673=FACE_BOUND('',#672,.T.);
#674=ADVANCED_FACE('',(#673),#654,.F.);
#675=CARTESIAN_POINT('',(-19.5,-62.5,1.));
#676=DIRECTION('',(0.,0.,1.));
#677=DIRECTION('',(0.,1.,0.));
#678=AXIS2_PLACEMENT_3D('',#675,#676,#677);
#679=PLANE('',#678);
#680=ORIENTED_EDGE('',*,*,#668,.T.);
#681=EDGE_LOOP('',(#680));
#682=FACE_BOUND('',#681,.T.);
#683=CARTESIAN_POINT('',(-19.5,-60.5,1.));
#684=VERTEX_POINT('',#683);
#685=CARTESIAN_POINT('',(-19.5,-62.5,1.));
#686=DIRECTION('',(0.,-0.,1.));
#687=DIRECTION('',(0.,1.,0.));
#688=AXIS2_PLACEMENT_3D('',#685,#686,#687);
#689=CIRCLE('',#688,2.);
#690=EDGE_CURVE('',#684,#684,#689,.T.);
#691=ORIENTED_EDGE('',*,*,#690,.F.);
#692=EDGE_LOOP('',(#691));
#693=FACE_BOUND('',#692,.T.);
#694=ADVANCED_FACE('',(#682,#693),#679,.F.);
#695=CARTESIAN_POINT('',(-19.5,-62.5,1.));
#696=DIRECTION('',(0.,0.,-1.));
#697=DIRECTION('',(0.,1.,0.));
#698=AXIS2_PLACEMENT_3D('',#695,#696,#697);
#699=CYLINDRICAL_SURFACE('',#698,2.);
#700=CARTESIAN_POINT('',(-19.5,-60.5,0.));
#701=DIRECTION('',(-0.,-0.,1.));
#702=VECTOR('',#701,1.);
#703=LINE('',#700,#702);
#704=EDGE_CURVE('',#626,#684,#703,.T.);
#705=ORIENTED_EDGE('',*,*,#704,.F.);
#706=ORIENTED_EDGE('',*,*,#632,.T.);
#707=ORIENTED_EDGE('',*,*,#704,.T.);
#708=ORIENTED_EDGE('',*,*,#690,.T.);
#709=EDGE_LOOP('',(#705,#706,#707,#708));
#710=FACE_BOUND('',#709,.T.);
#711=ADVANCED_FACE('',(#710),#699,.F.);
#712=CARTESIAN_POINT('',(-19.5,-24.5,5.));
#713=DIRECTION('',(0.,0.,-1.));
#714=DIRECTION('',(0.,1.,0.));
#715=AXIS2_PLACEMENT_3D('',#712,#713,#714);
#716=CYLINDRICAL_SURFACE('',#715,1.1);
#717=CARTESIAN_POINT('',(-19.5,-23.4,1.));
#718=VERTEX_POINT('',#717);
#719=CARTESIAN_POINT('',(-19.5,-23.4,1.));
#720=DIRECTION('',(-0.,-0.,1.));
#721=VECTOR('',#720,4.);
#722=LINE('',#719,#721);
#723=EDGE_CURVE('',#718,#127,#722,.T.);
#724=ORIENTED_EDGE('',*,*,#723,.F.);
#725=CARTESIAN_POINT('',(-19.5,-24.5,1.));
#726=DIRECTION('',(0.,-0.,1.));
#727=DIRECTION('',(0.,1.,0.));
#728=AXIS2_PLACEMENT_3D('',#725,#726,#727);
#729=CIRCLE('',#728,1.1);
#730=EDGE_CURVE('',#718,#718,#729,.T.);
#731=ORIENTED_EDGE('',*,*,#730,.F.);
#732=ORIENTED_EDGE('',*,*,#723,.T.);
#733=ORIENTED_EDGE('',*,*,#133,.T.);
#734=EDGE_LOOP('',(#724,#731,#732,#733));
#735=FACE_BOUND('',#734,.T.);
#736=ADVANCED_FACE('',(#735),#716,.F.);
#737=CARTESIAN_POINT('',(-19.5,-24.5,1.));
#738=DIRECTION('',(0.,0.,1.));
#739=DIRECTION('',(0.,1.,0.));
#740=AXIS2_PLACEMENT_3D('',#737,#738,#739);
#741=PLANE('',#740);
#742=ORIENTED_EDGE('',*,*,#730,.T.);
#743=EDGE_LOOP('',(#742));
#744=FACE_BOUND('',#743,.T.);
#745=CARTESIAN_POINT('',(-19.5,-22.5,1.));
#746=VERTEX_POINT('',#745);
#747=CARTESIAN_POINT('',(-19.5,-24.5,1.));
#748=DIRECTION('',(0.,-0.,1.));
#749=DIRECTION('',(0.,1.,0.));
#750=AXIS2_PLACEMENT_3D('',#747,#748,#749);
#751=CIRCLE('',#750,2.);
#752=EDGE_CURVE('',#746,#746,#751,.T.);
#753=ORIENTED_EDGE('',*,*,#752,.F.);
#754=EDGE_LOOP('',(#753));
#755=FACE_BOUND('',#754,.T.);
#756=ADVANCED_FACE('',(#744,#755),#741,.F.);
#757=CARTESIAN_POINT('',(-19.5,-24.5,1.));
#758=DIRECTION('',(0.,0.,-1.));
#759=DIRECTION('',(0.,1.,0.));
#760=AXIS2_PLACEMENT_3D('',#757,#758,#759);
#761=CYLINDRICAL_SURFACE('',#760,2.);
#762=CARTESIAN_POINT('',(-19.5,-22.5,0.));
#763=DIRECTION('',(-0.,-0.,1.));
#764=VECTOR('',#763,1.);
#765=LINE('',#762,#764);
#766=EDGE_CURVE('',#615,#746,#765,.T.);
#767=ORIENTED_EDGE('',*,*,#766,.F.);
#768=ORIENTED_EDGE('',*,*,#621,.T.);
#769=ORIENTED_EDGE('',*,*,#766,.T.);
#770=ORIENTED_EDGE('',*,*,#752,.T.);
#771=EDGE_LOOP('',(#767,#768,#769,#770));
#772=FACE_BOUND('',#771,.T.);
#773=ADVANCED_FACE('',(#772),#761,.F.);
#774=CARTESIAN_POINT('',(-96.,-22.5,5.));
#775=DIRECTION('',(0.,0.,-1.));
#776=DIRECTION('',(0.,1.,0.));
#777=AXIS2_PLACEMENT_3D('',#774,#775,#776);
#778=CYLINDRICAL_SURFACE('',#777,1.1);
#779=CARTESIAN_POINT('',(-96.,-21.4,1.));
#780=VERTEX_POINT('',#779);
#781=CARTESIAN_POINT('',(-96.,-21.4,1.));
#782=DIRECTION('',(-0.,-0.,1.));
#783=VECTOR('',#782,4.);
#784=LINE('',#781,#783);
#785=EDGE_CURVE('',#780,#138,#784,.T.);
#786=ORIENTED_EDGE('',*,*,#785,.F.);
#787=CARTESIAN_POINT('',(-96.,-22.5,1.));
#788=DIRECTION('',(0.,-0.,1.));
#789=DIRECTION('',(0.,1.,0.));
#790=AXIS2_PLACEMENT_3D('',#787,#788,#789);
#791=CIRCLE('',#790,1.1);
#792=EDGE_CURVE('',#780,#780,#791,.T.);
#793=ORIENTED_EDGE('',*,*,#792,.F.);
#794=ORIENTED_EDGE('',*,*,#785,.T.);
#795=ORIENTED_EDGE('',*,*,#144,.T.);
#796=EDGE_LOOP('',(#786,#793,#794,#795));
#797=FACE_BOUND('',#796,.T.);
#798=ADVANCED_FACE('',(#797),#778,.F.);
#799=CARTESIAN_POINT('',(-96.,-22.5,1.));
#800=DIRECTION('',(0.,0.,1.));
#801=DIRECTION('',(0.,1.,0.));
#802=AXIS2_PLACEMENT_3D('',#799,#800,#801);
#803=PLANE('',#802);
#804=ORIENTED_EDGE('',*,*,#792,.T.);
#805=EDGE_LOOP('',(#804));
#806=FACE_BOUND('',#805,.T.);
#807=CARTESIAN_POINT('',(-96.,-20.5,1.));
#808=VERTEX_POINT('',#807);
#809=CARTESIAN_POINT('',(-96.,-22.5,1.));
#810=DIRECTION('',(0.,-0.,1.));
#811=DIRECTION('',(0.,1.,0.));
#812=AXIS2_PLACEMENT_3D('',#809,#810,#811);
#813=CIRCLE('',#812,2.);
#814=EDGE_CURVE('',#808,#808,#813,.T.);
#815=ORIENTED_EDGE('',*,*,#814,.F.);
#816=EDGE_LOOP('',(#815));
#817=FACE_BOUND('',#816,.T.);
#818=ADVANCED_FACE('',(#806,#817),#803,.F.);
#819=CARTESIAN_POINT('',(-96.,-22.5,1.));
#820=DIRECTION('',(0.,0.,-1.));
#821=DIRECTION('',(0.,1.,0.));
#822=AXIS2_PLACEMENT_3D('',#819,#820,#821);
#823=CYLINDRICAL_SURFACE('',#822,2.);
#824=CARTESIAN_POINT('',(-96.,-20.5,0.));
#825=DIRECTION('',(-0.,-0.,1.));
#826=VECTOR('',#825,1.);
#827=LINE('',#824,#826);
#828=EDGE_CURVE('',#604,#808,#827,.T.);
#829=ORIENTED_EDGE('',*,*,#828,.F.);
#830=ORIENTED_EDGE('',*,*,#610,.T.);
#831=ORIENTED_EDGE('',*,*,#828,.T.);
#832=ORIENTED_EDGE('',*,*,#814,.T.);
#833=EDGE_LOOP('',(#829,#830,#831,#832));
#834=FACE_BOUND('',#833,.T.);
#835=ADVANCED_FACE('',(#834),#823,.F.);
#836=CARTESIAN_POINT('',(-96.,-60.5,5.));
#837=DIRECTION('',(0.,0.,-1.));
#838=DIRECTION('',(0.,1.,0.));
#839=AXIS2_PLACEMENT_3D('',#836,#837,#838);
#840=CYLINDRICAL_SURFACE('',#839,1.1);
#841=CARTESIAN_POINT('',(-96.,-59.4,1.));
#842=VERTEX_POINT('',#841);
#843=CARTESIAN_POINT('',(-96.,-59.4,1.));
#844=DIRECTION('',(-0.,-0.,1.));
#845=VECTOR('',#844,4.);
#846=LINE('',#843,#845);
#847=EDGE_CURVE('',#842,#149,#846,.T.);
#848=ORIENTED_EDGE('',*,*,#847,.F.);
#849=CARTESIAN_POINT('',(-96.,-60.5,1.));
#850=DIRECTION('',(0.,-0.,1.));
#851=DIRECTION('',(0.,1.,0.));
#852=AXIS2_PLACEMENT_3D('',#849,#850,#851);
#853=CIRCLE('',#852,1.1);
#854=EDGE_CURVE('',#842,#842,#853,.T.);
#855=ORIENTED_EDGE('',*,*,#854,.F.);
#856=ORIENTED_EDGE('',*,*,#847,.T.);
#857=ORIENTED_EDGE('',*,*,#155,.T.);
#858=EDGE_LOOP('',(#848,#855,#856,#857));
#859=FACE_BOUND('',#858,.T.);
#860=ADVANCED_FACE('',(#859),#840,.F.);
#861=CARTESIAN_POINT('',(-96.,-60.5,1.));
#862=DIRECTION('',(0.,0.,1.));
#863=DIRECTION('',(0.,1.,0.));
#864=AXIS2_PLACEMENT_3D('',#861,#862,#863);
#865=PLANE('',#864);
#866=ORIENTED_EDGE('',*,*,#854,.T.);
#867=EDGE_LOOP('',(#866));
#868=FACE_BOUND('',#867,.T.);
#869=CARTESIAN_POINT('',(-96.,-58.5,1.));
#870=VERTEX_POINT('',#869);
#871=CARTESIAN_POINT('',(-96.,-60.5,1.));
#872=DIRECTION('',(0.,-0.,1.));
#873=DIRECTION('',(0.,1.,0.));
#874=AXIS2_PLACEMENT_3D('',#871,#872,#873);
#875=CIRCLE('',#874,2.);
#876=EDGE_CURVE('',#870,#870,#875,.T.);
#877=ORIENTED_EDGE('',*,*,#876,.F.);
#878=EDGE_LOOP('',(#877));
#879=FACE_BOUND('',#878,.T.);
#880=ADVANCED_FACE('',(#868,#879),#865,.F.);
#881=CARTESIAN_POINT('',(-96.,-60.5,1.));
#882=DIRECTION('',(0.,0.,-1.));
#883=DIRECTION('',(0.,1.,0.));
#884=AXIS2_PLACEMENT_3D('',#881,#882,#883);
#885=CYLINDRICAL_SURFACE('',#884,2.);
#886=CARTESIAN_POINT('',(-96.,-58.5,0.));
#887=DIRECTION('',(-0.,-0.,1.));
#888=VECTOR('',#887,1.);
#889=LINE('',#886,#888);
#890=EDGE_CURVE('',#593,#870,#889,.T.);
#891=ORIENTED_EDGE('',*,*,#890,.F.);
#892=ORIENTED_EDGE('',*,*,#599,.T.);
#893=ORIENTED_EDGE('',*,*,#890,.T.);
#894=ORIENTED_EDGE('',*,*,#876,.T.);
#895=EDGE_LOOP('',(#891,#892,#893,#894));
#896=FACE_BOUND('',#895,.T.);
#897=ADVANCED_FACE('',(#896),#885,.F.);
#898=CARTESIAN_POINT('',(-120.47317055,-77.911225185,5.));
#899=DIRECTION('',(0.,0.,-1.));
#900=DIRECTION('',(0.,1.,0.));
#901=AXIS2_PLACEMENT_3D('',#898,#899,#900);
#902=CYLINDRICAL_SURFACE('',#901,1.1);
#903=CARTESIAN_POINT('',(-120.47317055,-76.811225185,1.));
#904=VERTEX_POINT('',#903);
#905=CARTESIAN_POINT('',(-120.47317055,-76.811225185,1.));
#906=DIRECTION('',(-0.,-0.,1.));
#907=VECTOR('',#906,4.);
#908=LINE('',#905,#907);
#909=EDGE_CURVE('',#904,#160,#908,.T.);
#910=ORIENTED_EDGE('',*,*,#909,.F.);
#911=CARTESIAN_POINT('',(-120.47317055,-77.911225185,1.));
#912=DIRECTION('',(0.,-0.,1.));
#913=DIRECTION('',(0.,1.,0.));
#914=AXIS2_PLACEMENT_3D('',#911,#912,#913);
#915=CIRCLE('',#914,1.1);
#916=EDGE_CURVE('',#904,#904,#915,.T.);
#917=ORIENTED_EDGE('',*,*,#916,.F.);
#918=ORIENTED_EDGE('',*,*,#909,.T.);
#919=ORIENTED_EDGE('',*,*,#166,.T.);
#920=EDGE_LOOP('',(#910,#917,#918,#919));
#921=FACE_BOUND('',#920,.T.);
#922=ADVANCED_FACE('',(#921),#902,.F.);
#923=CARTESIAN_POINT('',(-120.47317055,-77.911225185,1.));
#924=DIRECTION('',(0.,0.,1.));
#925=DIRECTION('',(0.,1.,0.));
#926=AXIS2_PLACEMENT_3D('',#923,#924,#925);
#927=PLANE('',#926);
#928=ORIENTED_EDGE('',*,*,#916,.T.);
#929=EDGE_LOOP('',(#928));
#930=FACE_BOUND('',#929,.T.);
#931=CARTESIAN_POINT('',(-120.47317055,-75.911225185,1.));
#932=VERTEX_POINT('',#931);
#933=CARTESIAN_POINT('',(-120.47317055,-77.911225185,1.));
#934=DIRECTION('',(0.,-0.,1.));
#935=DIRECTION('',(0.,1.,0.));
#936=AXIS2_PLACEMENT_3D('',#933,#934,#935);
#937=CIRCLE('',#936,2.);
#938=EDGE_CURVE('',#932,#932,#937,.T.);
#939=ORIENTED_EDGE('',*,*,#938,.F.);
#940=EDGE_LOOP('',(#939));
#941=FACE_BOUND('',#940,.T.);
#942=ADVANCED_FACE('',(#930,#941),#927,.F.);
#943=CARTESIAN_POINT('',(-120.47317055,-77.911225185,1.));
#944=DIRECTION('',(0.,0.,-1.));
#945=DIRECTION('',(0.,1.,0.));
#946=AXIS2_PLACEMENT_3D('',#943,#944,#945);
#947=CYLINDRICAL_SURFACE('',#946,2.);
#948=CARTESIAN_POINT('',(-120.47317055,-75.911225185,0.));
#949=DIRECTION('',(-0.,-0.,1.));
#950=VECTOR('',#949,1.);
#951=LINE('',#948,#950);
#952=EDGE_CURVE('',#582,#932,#951,.T.);
#953=ORIENTED_EDGE('',*,*,#952,.F.);
#954=ORIENTED_EDGE('',*,*,#588,.T.);
#955=ORIENTED_EDGE('',*,*,#952,.T.);
#956=ORIENTED_EDGE('',*,*,#938,.T.);
#957=EDGE_LOOP('',(#953,#954,#955,#956));
#958=FACE_BOUND('',#957,.T.);
#959=ADVANCED_FACE('',(#958),#947,.F.);
#960=CARTESIAN_POINT('',(-126.,0.,1.5));
#961=DIRECTION('',(-1.,0.,0.));
#962=DIRECTION('',(-0.,-1.,0.));
#963=AXIS2_PLACEMENT_3D('',#960,#961,#962);
#964=PLANE('',#963);
#965=ORIENTED_EDGE('',*,*,#202,.T.);
#966=CARTESIAN_POINT('',(-126.,-41.,1.5));
#967=VERTEX_POINT('',#966);
#968=CARTESIAN_POINT('',(-126.,-41.,5.));
#969=DIRECTION('',(-0.,-0.,-1.));
#970=VECTOR('',#969,3.5);
#971=LINE('',#968,#970);
#972=EDGE_CURVE('',#190,#967,#971,.T.);
#973=ORIENTED_EDGE('',*,*,#972,.T.);
#974=CARTESIAN_POINT('',(-126.,0.,1.5));
#975=DIRECTION('',(-0.,-1.,0.));
#976=VECTOR('',#975,41.);
#977=LINE('',#974,#976);
#978=EDGE_CURVE('',#35,#967,#977,.T.);
#979=ORIENTED_EDGE('',*,*,#978,.F.);
#980=ORIENTED_EDGE('',*,*,#94,.T.);
#981=EDGE_LOOP('',(#965,#973,#979,#980));
#982=FACE_BOUND('',#981,.T.);
#983=ADVANCED_FACE('',(#982),#964,.F.);
#984=CARTESIAN_POINT('',(-122.,-43.,1.5));
#985=DIRECTION('',(-1.,0.,0.));
#986=DIRECTION('',(0.,0.,1.));
#987=AXIS2_PLACEMENT_3D('',#984,#985,#986);
#988=PLANE('',#987);
#989=CARTESIAN_POINT('',(-122.,-45.,1.5));
#990=VERTEX_POINT('',#989);
#991=CARTESIAN_POINT('',(-122.,-57.,1.5));
#992=VERTEX_POINT('',#991);
#993=CARTESIAN_POINT('',(-122.,-45.,1.5));
#994=DIRECTION('',(0.,-1.,0.));
#995=VECTOR('',#994,12.);
#996=LINE('',#993,#995);
#997=EDGE_CURVE('',#990,#992,#996,.T.);
#998=ORIENTED_EDGE('',*,*,#997,.F.);
#999=CARTESIAN_POINT('',(-122.,-45.,1.5));
#1000=DIRECTION('',(0.,0.,1.));
#1001=VECTOR('',#1000,3.5);
#1002=LINE('',#999,#1001);
#1003=EDGE_CURVE('',#990,#171,#1002,.T.);
#1004=ORIENTED_EDGE('',*,*,#1003,.T.);
#1005=ORIENTED_EDGE('',*,*,#178,.T.);
#1006=CARTESIAN_POINT('',(-122.,-57.,1.5));
#1007=DIRECTION('',(0.,0.,1.));
#1008=VECTOR('',#1007,3.5);
#1009=LINE('',#1006,#1008);
#1010=EDGE_CURVE('',#992,#173,#1009,.T.);
#1011=ORIENTED_EDGE('',*,*,#1010,.F.);
#1012=EDGE_LOOP('',(#998,#1004,#1005,#1011));
#1013=FACE_BOUND('',#1012,.T.);
#1014=ADVANCED_FACE('',(#1013),#988,.F.);
#1015=CARTESIAN_POINT('',(-122.,-57.,1.5));
#1016=DIRECTION('',(-0.,-1.,0.));
#1017=DIRECTION('',(1.,-0.,0.));
#1018=AXIS2_PLACEMENT_3D('',#1015,#1016,#1017);
#1019=PLANE('',#1018);
#1020=ORIENTED_EDGE('',*,*,#323,.T.);
#1021=CARTESIAN_POINT('',(-37.,-57.,1.5));
#1022=VERTEX_POINT('',#1021);
#1023=CARTESIAN_POINT('',(-37.,-57.,1.5));
#1024=DIRECTION('',(0.,0.,1.));
#1025=VECTOR('',#1024,3.5);
#1026=LINE('',#1023,#1025);
#1027=EDGE_CURVE('',#1022,#312,#1026,.T.);
#1028=ORIENTED_EDGE('',*,*,#1027,.F.);
#1029=CARTESIAN_POINT('',(-122.,-57.,1.5));
#1030=DIRECTION('',(1.,-0.,0.));
#1031=VECTOR('',#1030,85.);
#1032=LINE('',#1029,#1031);
#1033=EDGE_CURVE('',#992,#1022,#1032,.T.);
#1034=ORIENTED_EDGE('',*,*,#1033,.F.);
#1035=ORIENTED_EDGE('',*,*,#1010,.T.);
#1036=EDGE_LOOP('',(#1020,#1028,#1034,#1035));
#1037=FACE_BOUND('',#1036,.T.);
#1038=ADVANCED_FACE('',(#1037),#1019,.F.);
#1039=CARTESIAN_POINT('',(-37.,-57.,1.5));
#1040=DIRECTION('',(1.,0.,0.));
#1041=DIRECTION('',(0.,0.,-1.));
#1042=AXIS2_PLACEMENT_3D('',#1039,#1040,#1041);
#1043=PLANE('',#1042);
#1044=ORIENTED_EDGE('',*,*,#317,.T.);
#1045=CARTESIAN_POINT('',(-37.,-25.,1.5));
#1046=VERTEX_POINT('',#1045);
#1047=CARTESIAN_POINT('',(-37.,-25.,1.5));
#1048=DIRECTION('',(0.,0.,1.));
#1049=VECTOR('',#1048,3.5);
#1050=LINE('',#1047,#1049);
#1051=EDGE_CURVE('',#1046,#304,#1050,.T.);
#1052=ORIENTED_EDGE('',*,*,#1051,.F.);
#1053=CARTESIAN_POINT('',(-37.,-57.,1.5));
#1054=DIRECTION('',(0.,1.,0.));
#1055=VECTOR('',#1054,32.);
#1056=LINE('',#1053,#1055);
#1057=EDGE_CURVE('',#1022,#1046,#1056,.T.);
#1058=ORIENTED_EDGE('',*,*,#1057,.F.);
#1059=ORIENTED_EDGE('',*,*,#1027,.T.);
#1060=EDGE_LOOP('',(#1044,#1052,#1058,#1059));
#1061=FACE_BOUND('',#1060,.T.);
#1062=ADVANCED_FACE('',(#1061),#1043,.F.);
#1063=CARTESIAN_POINT('',(-37.,-25.,1.5));
#1064=DIRECTION('',(0.,1.,0.));
#1065=DIRECTION('',(-1.,0.,0.));
#1066=AXIS2_PLACEMENT_3D('',#1063,#1064,#1065);
#1067=PLANE('',#1066);
#1068=ORIENTED_EDGE('',*,*,#309,.T.);
#1069=CARTESIAN_POINT('',(-118.,-25.,1.5));
#1070=VERTEX_POINT('',#1069);
#1071=CARTESIAN_POINT('',(-118.,-25.,5.));
#1072=DIRECTION('',(-0.,-0.,-1.));
#1073=VECTOR('',#1072,3.5);
#1074=LINE('',#1071,#1073);
#1075=EDGE_CURVE('',#295,#1070,#1074,.T.);
#1076=ORIENTED_EDGE('',*,*,#1075,.T.);
#1077=CARTESIAN_POINT('',(-37.,-25.,1.5));
#1078=DIRECTION('',(-1.,0.,0.));
#1079=VECTOR('',#1078,81.);
#1080=LINE('',#1077,#1079);
#1081=EDGE_CURVE('',#1046,#1070,#1080,.T.);
#1082=ORIENTED_EDGE('',*,*,#1081,.F.);
#1083=ORIENTED_EDGE('',*,*,#1051,.T.);
#1084=EDGE_LOOP('',(#1068,#1076,#1082,#1083));
#1085=FACE_BOUND('',#1084,.T.);
#1086=ADVANCED_FACE('',(#1085),#1067,.F.);
#1087=CARTESIAN_POINT('',(-122.,-25.,1.5));
#1088=DIRECTION('',(1.,0.,0.));
#1089=DIRECTION('',(0.,0.,-1.));
#1090=AXIS2_PLACEMENT_3D('',#1087,#1088,#1089);
#1091=PLANE('',#1090);
#1092=CARTESIAN_POINT('',(-122.,-21.,1.5));
#1093=VERTEX_POINT('',#1092);
#1094=CARTESIAN_POINT('',(-122.,-21.,1.5));
#1095=DIRECTION('',(0.,1.,0.));
#1096=VECTOR('',#1095,21.);
#1097=LINE('',#1094,#1096);
#1098=EDGE_CURVE('',#1093,#33,#1097,.T.);
#1099=ORIENTED_EDGE('',*,*,#1098,.F.);
#1100=CARTESIAN_POINT('',(-122.,-21.,1.5));
#1101=DIRECTION('',(0.,0.,1.));
#1102=VECTOR('',#1101,3.5);
#1103=LINE('',#1100,#1102);
#1104=EDGE_CURVE('',#1093,#287,#1103,.T.);
#1105=ORIENTED_EDGE('',*,*,#1104,.T.);
#1106=ORIENTED_EDGE('',*,*,#292,.T.);
#1107=ORIENTED_EDGE('',*,*,#48,.F.);
#1108=EDGE_LOOP('',(#1099,#1105,#1106,#1107));
#1109=FACE_BOUND('',#1108,.T.);
#1110=ADVANCED_FACE('',(#1109),#1091,.F.);
#1111=CARTESIAN_POINT('',(-71.5,-53.75,1.5));
#1112=DIRECTION('',(0.,0.,1.));
#1113=DIRECTION('',(1.,0.,0.));
#1114=AXIS2_PLACEMENT_3D('',#1111,#1112,#1113);
#1115=PLANE('',#1114);
#1116=ORIENTED_EDGE('',*,*,#978,.T.);
#1117=CARTESIAN_POINT('',(-124.,-43.,1.5));
#1118=VERTEX_POINT('',#1117);
#1119=CARTESIAN_POINT('',(-124.,-41.,1.5));
#1120=DIRECTION('',(0.,0.,1.));
#1121=DIRECTION('',(1.,0.,-0.));
#1122=AXIS2_PLACEMENT_3D('',#1119,#1120,#1121);
#1123=CIRCLE('',#1122,2.);
#1124=EDGE_CURVE('',#967,#1118,#1123,.T.);
#1125=ORIENTED_EDGE('',*,*,#1124,.T.);
#1126=CARTESIAN_POINT('',(-124.,-45.,1.5));
#1127=DIRECTION('',(-0.,-0.,-1.));
#1128=DIRECTION('',(1.,0.,-0.));
#1129=AXIS2_PLACEMENT_3D('',#1126,#1127,#1128);
#1130=CIRCLE('',#1129,2.);
#1131=EDGE_CURVE('',#1118,#990,#1130,.T.);
#1132=ORIENTED_EDGE('',*,*,#1131,.T.);
#1133=ORIENTED_EDGE('',*,*,#997,.T.);
#1134=ORIENTED_EDGE('',*,*,#1033,.T.);
#1135=ORIENTED_EDGE('',*,*,#1057,.T.);
#1136=ORIENTED_EDGE('',*,*,#1081,.T.);
#1137=CARTESIAN_POINT('',(-118.,-21.,1.5));
#1138=DIRECTION('',(-0.,-0.,-1.));
#1139=DIRECTION('',(1.,0.,-0.));
#1140=AXIS2_PLACEMENT_3D('',#1137,#1138,#1139);
#1141=CIRCLE('',#1140,4.);
#1142=EDGE_CURVE('',#1070,#1093,#1141,.T.);
#1143=ORIENTED_EDGE('',*,*,#1142,.T.);
#1144=ORIENTED_EDGE('',*,*,#1098,.T.);
#1145=ORIENTED_EDGE('',*,*,#40,.T.);
#1146=EDGE_LOOP('',(#1116,#1125,#1132,#1133,#1134,#1135,#1136,#1143,#1144,#1145));
#1147=FACE_BOUND('',#1146,.T.);
#1148=ADVANCED_FACE('',(#1147),#1115,.T.);
#1149=CARTESIAN_POINT('',(-118.,-21.,1.5));
#1150=DIRECTION('',(0.,0.,1.));
#1151=DIRECTION('',(1.,0.,-0.));
#1152=AXIS2_PLACEMENT_3D('',#1149,#1150,#1151);
#1153=CYLINDRICAL_SURFACE('',#1152,4.);
#1154=ORIENTED_EDGE('',*,*,#1142,.F.);
#1155=ORIENTED_EDGE('',*,*,#1075,.F.);
#1156=ORIENTED_EDGE('',*,*,#301,.F.);
#1157=ORIENTED_EDGE('',*,*,#1104,.F.);
#1158=EDGE_LOOP('',(#1154,#1155,#1156,#1157));
#1159=FACE_BOUND('',#1158,.T.);
#1160=ADVANCED_FACE('',(#1159),#1153,.T.);
#1161=CARTESIAN_POINT('',(-124.,-45.,1.5));
#1162=DIRECTION('',(0.,0.,1.));
#1163=DIRECTION('',(1.,0.,-0.));
#1164=AXIS2_PLACEMENT_3D('',#1161,#1162,#1163);
#1165=CYLINDRICAL_SURFACE('',#1164,2.);
#1166=ORIENTED_EDGE('',*,*,#1003,.F.);
#1167=ORIENTED_EDGE('',*,*,#1131,.F.);
#1168=CARTESIAN_POINT('',(-124.,-43.,5.));
#1169=DIRECTION('',(-0.,-0.,-1.));
#1170=VECTOR('',#1169,3.5);
#1171=LINE('',#1168,#1170);
#1172=EDGE_CURVE('',#181,#1118,#1171,.T.);
#1173=ORIENTED_EDGE('',*,*,#1172,.F.);
#1174=ORIENTED_EDGE('',*,*,#187,.F.);
#1175=EDGE_LOOP('',(#1166,#1167,#1173,#1174));
#1176=FACE_BOUND('',#1175,.T.);
#1177=ADVANCED_FACE('',(#1176),#1165,.T.);
#1178=CARTESIAN_POINT('',(-124.,-41.,1.5));
#1179=DIRECTION('',(0.,0.,-1.));
#1180=DIRECTION('',(-1.,0.,0.));
#1181=AXIS2_PLACEMENT_3D('',#1178,#1179,#1180);
#1182=CYLINDRICAL_SURFACE('',#1181,2.);
#1183=ORIENTED_EDGE('',*,*,#1124,.F.);
#1184=ORIENTED_EDGE('',*,*,#972,.F.);
#1185=ORIENTED_EDGE('',*,*,#196,.F.);
#1186=ORIENTED_EDGE('',*,*,#1172,.T.);
#1187=EDGE_LOOP('',(#1183,#1184,#1185,#1186));
#1188=FACE_BOUND('',#1187,.T.);
#1189=ADVANCED_FACE('',(#1188),#1182,.F.);
#1190=CARTESIAN_POINT('',(-132.,-50.,-5.));
#1191=DIRECTION('',(0.,0.,1.));
#1192=DIRECTION('',(1.,0.,-0.));
#1193=AXIS2_PLACEMENT_3D('',#1190,#1191,#1192);
#1194=CYLINDRICAL_SURFACE('',#1193,8.);
#1195=ORIENTED_EDGE('',*,*,#577,.T.);
#1196=CARTESIAN_POINT('',(-124.,-50.,0.));
#1197=DIRECTION('',(0.,0.,1.));
#1198=VECTOR('',#1197,5.);
#1199=LINE('',#1196,#1198);
#1200=EDGE_CURVE('',#571,#105,#1199,.T.);
#1201=ORIENTED_EDGE('',*,*,#1200,.T.);
#1202=ORIENTED_EDGE('',*,*,#111,.T.);
#1203=ORIENTED_EDGE('',*,*,#1200,.F.);
#1204=EDGE_LOOP('',(#1195,#1201,#1202,#1203));
#1205=FACE_BOUND('',#1204,.T.);
#1206=ADVANCED_FACE('',(#1205),#1194,.F.);
#1207=CLOSED_SHELL('',(#98,#327,#353,#377,#401,#426,#450,#474,#498,#522,#547,#564,#649,#674,#694,#711,#736,#756,#773,#798,#818,#835,#860,#880,#897,#922,
#942,#959,#983,#1014,#1038,#1062,#1086,#1110,#1148,#1160,#1177,#1189,#1206));
#1208=MANIFOLD_SOLID_BREP('\X2\0414043D043E\X0\:1',#1207);
#1209=COLOUR_RGB('',0.592156887,0.592156887,0.592156887);
#1210=FILL_AREA_STYLE_COLOUR('',#1209);
#1211=FILL_AREA_STYLE('',(#1210));
#1212=SURFACE_STYLE_FILL_AREA(#1211);
#1213=SURFACE_SIDE_STYLE('',(#1212));
#1214=SURFACE_STYLE_USAGE(.BOTH.,#1213);
#1215=PRESENTATION_STYLE_ASSIGNMENT((#1214));
#26=STYLED_ITEM('',(#1215),#1208);
#1217=CARTESIAN_POINT('',(0.,0.,15.));
#1218=DIRECTION('',(0.,0.,1.));
#1219=DIRECTION('',(-1.,0.,0.));
#1220=AXIS2_PLACEMENT_3D('',#1217,#1218,#1219);
#1221=PLANE('',#1220);
#1222=CARTESIAN_POINT('',(-143.,-34.,15.));
#1223=VERTEX_POINT('',#1222);
#1224=CARTESIAN_POINT('',(-144.,-34.,15.));
#1225=VERTEX_POINT('',#1224);
#1226=CARTESIAN_POINT('',(-143.,-34.,15.));
#1227=DIRECTION('',(-1.,0.,0.));
#1228=VECTOR('',#1227,1.);
#1229=LINE('',#1226,#1228);
#1230=EDGE_CURVE('',#1223,#1225,#1229,.T.);
#1231=ORIENTED_EDGE('',*,*,#1230,.T.);
#1232=CARTESIAN_POINT('',(-145.,-35.,15.));
#1233=VERTEX_POINT('',#1232);
#1234=CARTESIAN_POINT('',(-144.,-35.,15.));
#1235=DIRECTION('',(0.,0.,1.));
#1236=DIRECTION('',(1.,0.,-0.));
#1237=AXIS2_PLACEMENT_3D('',#1234,#1235,#1236);
#1238=CIRCLE('',#1237,1.);
#1239=EDGE_CURVE('',#1225,#1233,#1238,.T.);
#1240=ORIENTED_EDGE('',*,*,#1239,.T.);
#1241=CARTESIAN_POINT('',(-145.,-49.,15.));
#1242=VERTEX_POINT('',#1241);
#1243=CARTESIAN_POINT('',(-145.,-49.,15.));
#1244=DIRECTION('',(0.,1.,0.));
#1245=VECTOR('',#1244,14.);
#1246=LINE('',#1243,#1245);
#1247=EDGE_CURVE('',#1242,#1233,#1246,.T.);
#1248=ORIENTED_EDGE('',*,*,#1247,.F.);
#1249=CARTESIAN_POINT('',(-136.954482672,-85.117314098,15.));
#1250=VERTEX_POINT('',#1249);
#1251=CARTESIAN_POINT('',(-59.909714883,-49.,15.));
#1252=DIRECTION('',(0.,0.,-1.));
#1253=DIRECTION('',(-1.,0.,0.));
#1254=AXIS2_PLACEMENT_3D('',#1251,#1252,#1253);
#1255=CIRCLE('',#1254,85.090285117);
#1256=EDGE_CURVE('',#1250,#1242,#1255,.T.);
#1257=ORIENTED_EDGE('',*,*,#1256,.F.);
#1258=CARTESIAN_POINT('',(-122.454482672,-110.232050808,15.));
#1259=VERTEX_POINT('',#1258);
#1260=CARTESIAN_POINT('',(-122.454482672,-110.232050808,15.));
#1261=DIRECTION('',(-0.5,0.866025404,0.));
#1262=VECTOR('',#1261,29.);
#1263=LINE('',#1260,#1262);
#1264=EDGE_CURVE('',#1259,#1250,#1263,.T.);
#1265=ORIENTED_EDGE('',*,*,#1264,.F.);
#1266=CARTESIAN_POINT('',(-106.464101615,-101.,15.));
#1267=VERTEX_POINT('',#1266);
#1268=CARTESIAN_POINT('',(-106.464101615,-101.,15.));
#1269=DIRECTION('',(-0.866025404,-0.5,0.));
#1270=VECTOR('',#1269,18.464101615);
#1271=LINE('',#1268,#1270);
#1272=EDGE_CURVE('',#1267,#1259,#1271,.T.);
#1273=ORIENTED_EDGE('',*,*,#1272,.F.);
#1274=CARTESIAN_POINT('',(-46.,-101.,15.));
#1275=VERTEX_POINT('',#1274);
#1276=CARTESIAN_POINT('',(-46.,-101.,15.));
#1277=DIRECTION('',(-1.,0.,0.));
#1278=VECTOR('',#1277,60.464101615);
#1279=LINE('',#1276,#1278);
#1280=EDGE_CURVE('',#1275,#1267,#1279,.T.);
#1281=ORIENTED_EDGE('',*,*,#1280,.F.);
#1282=CARTESIAN_POINT('',(-45.,-100.,15.));
#1283=VERTEX_POINT('',#1282);
#1284=CARTESIAN_POINT('',(-46.,-100.,15.));
#1285=DIRECTION('',(0.,0.,1.));
#1286=DIRECTION('',(1.,0.,-0.));
#1287=AXIS2_PLACEMENT_3D('',#1284,#1285,#1286);
#1288=CIRCLE('',#1287,1.);
#1289=EDGE_CURVE('',#1275,#1283,#1288,.T.);
#1290=ORIENTED_EDGE('',*,*,#1289,.T.);
#1291=CARTESIAN_POINT('',(-45.,-87.925235814,15.));
#1292=VERTEX_POINT('',#1291);
#1293=CARTESIAN_POINT('',(-45.,-87.925235814,15.));
#1294=DIRECTION('',(0.,-1.,0.));
#1295=VECTOR('',#1294,12.074764186);
#1296=LINE('',#1293,#1295);
#1297=EDGE_CURVE('',#1292,#1283,#1296,.T.);
#1298=ORIENTED_EDGE('',*,*,#1297,.F.);
#1299=CARTESIAN_POINT('',(-43.074764186,-86.,15.));
#1300=VERTEX_POINT('',#1299);
#1301=CARTESIAN_POINT('',(-43.074764186,-87.925235814,15.));
#1302=DIRECTION('',(0.,0.,1.));
#1303=DIRECTION('',(-1.,0.,0.));
#1304=AXIS2_PLACEMENT_3D('',#1301,#1302,#1303);
#1305=CIRCLE('',#1304,1.925235814);
#1306=EDGE_CURVE('',#1300,#1292,#1305,.T.);
#1307=ORIENTED_EDGE('',*,*,#1306,.F.);
#1308=CARTESIAN_POINT('',(1.,-86.,15.));
#1309=VERTEX_POINT('',#1308);
#1310=CARTESIAN_POINT('',(1.,-86.,15.));
#1311=DIRECTION('',(-1.,0.,0.));
#1312=VECTOR('',#1311,44.074764186);
#1313=LINE('',#1310,#1312);
#1314=EDGE_CURVE('',#1309,#1300,#1313,.T.);
#1315=ORIENTED_EDGE('',*,*,#1314,.F.);
#1316=CARTESIAN_POINT('',(2.,-85.,15.));
#1317=VERTEX_POINT('',#1316);
#1318=CARTESIAN_POINT('',(1.,-85.,15.));
#1319=DIRECTION('',(0.,0.,1.));
#1320=DIRECTION('',(1.,0.,-0.));
#1321=AXIS2_PLACEMENT_3D('',#1318,#1319,#1320);
#1322=CIRCLE('',#1321,1.);
#1323=EDGE_CURVE('',#1309,#1317,#1322,.T.);
#1324=ORIENTED_EDGE('',*,*,#1323,.T.);
#1325=CARTESIAN_POINT('',(2.,-6.023273479,15.));
#1326=VERTEX_POINT('',#1325);
#1327=CARTESIAN_POINT('',(2.,-6.023273479,15.));
#1328=DIRECTION('',(0.,-1.,0.));
#1329=VECTOR('',#1328,78.976726521);
#1330=LINE('',#1327,#1329);
#1331=EDGE_CURVE('',#1326,#1317,#1330,.T.);
#1332=ORIENTED_EDGE('',*,*,#1331,.F.);
#1333=CARTESIAN_POINT('',(2.000939926,-5.979926418,15.));
#1334=VERTEX_POINT('',#1333);
#1335=CARTESIAN_POINT('',(3.,-6.023273479,15.));
#1336=DIRECTION('',(-0.,-0.,-1.));
#1337=DIRECTION('',(1.,0.,-0.));
#1338=AXIS2_PLACEMENT_3D('',#1335,#1336,#1337);
#1339=CIRCLE('',#1338,1.);
#1340=EDGE_CURVE('',#1326,#1334,#1339,.T.);
#1341=ORIENTED_EDGE('',*,*,#1340,.T.);
#1342=CARTESIAN_POINT('',(-53.,2.,15.));
#1343=VERTEX_POINT('',#1342);
#1344=CARTESIAN_POINT('',(-53.,2.,15.));
#1345=CARTESIAN_POINT('',(-14.069269436,1.116356915,15.));
#1346=CARTESIAN_POINT('',(2.245784084,-0.337933715,15.));
#1347=CARTESIAN_POINT('',(2.000938799,-5.979952391,15.));
#1348=B_SPLINE_CURVE_WITH_KNOTS('',3,(#1344,#1345,#1346,#1347),.UNSPECIFIED.,.F.,.F.,(4,4),(0.,0.998818016),.UNSPECIFIED.);
#1349=EDGE_CURVE('',#1343,#1334,#1348,.T.);
#1350=ORIENTED_EDGE('',*,*,#1349,.F.);
#1351=CARTESIAN_POINT('',(-116.,2.,15.));
#1352=VERTEX_POINT('',#1351);
#1353=CARTESIAN_POINT('',(-116.,2.,15.));
#1354=DIRECTION('',(1.,0.,-0.));
#1355=VECTOR('',#1354,63.);
#1356=LINE('',#1353,#1355);
#1357=EDGE_CURVE('',#1352,#1343,#1356,.T.);
#1358=ORIENTED_EDGE('',*,*,#1357,.F.);
#1359=CARTESIAN_POINT('',(-118.,0.,15.));
#1360=VERTEX_POINT('',#1359);
#1361=CARTESIAN_POINT('',(-116.,-0.,15.));
#1362=DIRECTION('',(0.,0.,1.));
#1363=DIRECTION('',(1.,0.,-0.));
#1364=AXIS2_PLACEMENT_3D('',#1361,#1362,#1363);
#1365=CIRCLE('',#1364,2.);
#1366=EDGE_CURVE('',#1352,#1360,#1365,.T.);
#1367=ORIENTED_EDGE('',*,*,#1366,.T.);
#1368=CARTESIAN_POINT('',(-53.,0.,15.));
#1369=VERTEX_POINT('',#1368);
#1370=CARTESIAN_POINT('',(-118.,0.,15.));
#1371=DIRECTION('',(1.,0.,-0.));
#1372=VECTOR('',#1371,65.);
#1373=LINE('',#1370,#1372);
#1374=EDGE_CURVE('',#1360,#1369,#1373,.T.);
#1375=ORIENTED_EDGE('',*,*,#1374,.T.);
#1376=CARTESIAN_POINT('',(-0.180599248,-5.658954117,15.));
#1377=VERTEX_POINT('',#1376);
#1378=CARTESIAN_POINT('',(-53.,0.,15.));
#1379=CARTESIAN_POINT('',(-3.594074604,-0.779507132,15.));
#1380=CARTESIAN_POINT('',(-0.180599657,-5.658953532,15.));
#1381=B_SPLINE_CURVE_WITH_KNOTS('',2,(#1378,#1379,#1380),.UNSPECIFIED.,.F.,.F.,(3,3),(0.,0.966698508),.UNSPECIFIED.);
#1382=EDGE_CURVE('',#1369,#1377,#1381,.T.);
#1383=ORIENTED_EDGE('',*,*,#1382,.T.);
#1384=CARTESIAN_POINT('',(0.,-6.232175198,15.));
#1385=VERTEX_POINT('',#1384);
#1386=CARTESIAN_POINT('',(-1.,-6.232175198,15.));
#1387=DIRECTION('',(-0.,-0.,-1.));
#1388=DIRECTION('',(1.,0.,-0.));
#1389=AXIS2_PLACEMENT_3D('',#1386,#1387,#1388);
#1390=CIRCLE('',#1389,1.);
#1391=EDGE_CURVE('',#1377,#1385,#1390,.T.);
#1392=ORIENTED_EDGE('',*,*,#1391,.T.);
#1393=CARTESIAN_POINT('',(0.,-83.,15.));
#1394=VERTEX_POINT('',#1393);
#1395=CARTESIAN_POINT('',(0.,-6.232175198,15.));
#1396=DIRECTION('',(0.,-1.,0.));
#1397=VECTOR('',#1396,76.767824802);
#1398=LINE('',#1395,#1397);
#1399=EDGE_CURVE('',#1385,#1394,#1398,.T.);
#1400=ORIENTED_EDGE('',*,*,#1399,.T.);
#1401=CARTESIAN_POINT('',(-1.,-84.,15.));
#1402=VERTEX_POINT('',#1401);
#1403=CARTESIAN_POINT('',(-1.,-83.,15.));
#1404=DIRECTION('',(-0.,-0.,-1.));
#1405=DIRECTION('',(1.,0.,-0.));
#1406=AXIS2_PLACEMENT_3D('',#1403,#1404,#1405);
#1407=CIRCLE('',#1406,1.);
#1408=EDGE_CURVE('',#1394,#1402,#1407,.T.);
#1409=ORIENTED_EDGE('',*,*,#1408,.T.);
#1410=CARTESIAN_POINT('',(-43.816074584,-84.,15.));
#1411=VERTEX_POINT('',#1410);
#1412=CARTESIAN_POINT('',(-1.,-84.,15.));
#1413=DIRECTION('',(-1.,0.,0.));
#1414=VECTOR('',#1413,42.816074584);
#1415=LINE('',#1412,#1414);
#1416=EDGE_CURVE('',#1402,#1411,#1415,.T.);
#1417=ORIENTED_EDGE('',*,*,#1416,.T.);
#1418=CARTESIAN_POINT('',(-47.,-87.183925416,15.));
#1419=VERTEX_POINT('',#1418);
#1420=CARTESIAN_POINT('',(-43.816074584,-87.183925416,15.));
#1421=DIRECTION('',(0.,0.,1.));
#1422=DIRECTION('',(0.,-1.,0.));
#1423=AXIS2_PLACEMENT_3D('',#1420,#1421,#1422);
#1424=CIRCLE('',#1423,3.183925416);
#1425=EDGE_CURVE('',#1411,#1419,#1424,.T.);
#1426=ORIENTED_EDGE('',*,*,#1425,.T.);
#1427=CARTESIAN_POINT('',(-47.,-98.,15.));
#1428=VERTEX_POINT('',#1427);
#1429=CARTESIAN_POINT('',(-47.,-87.183925416,15.));
#1430=DIRECTION('',(0.,-1.,0.));
#1431=VECTOR('',#1430,10.816074584);
#1432=LINE('',#1429,#1431);
#1433=EDGE_CURVE('',#1419,#1428,#1432,.T.);
#1434=ORIENTED_EDGE('',*,*,#1433,.T.);
#1435=CARTESIAN_POINT('',(-48.,-99.,15.));
#1436=VERTEX_POINT('',#1435);
#1437=CARTESIAN_POINT('',(-48.,-98.,15.));
#1438=DIRECTION('',(-0.,-0.,-1.));
#1439=DIRECTION('',(1.,0.,-0.));
#1440=AXIS2_PLACEMENT_3D('',#1437,#1438,#1439);
#1441=CIRCLE('',#1440,1.);
#1442=EDGE_CURVE('',#1428,#1436,#1441,.T.);
#1443=ORIENTED_EDGE('',*,*,#1442,.T.);
#1444=CARTESIAN_POINT('',(-107.,-99.,15.));
#1445=VERTEX_POINT('',#1444);
#1446=CARTESIAN_POINT('',(-48.,-99.,15.));
#1447=DIRECTION('',(-1.,0.,0.));
#1448=VECTOR('',#1447,59.);
#1449=LINE('',#1446,#1448);
#1450=EDGE_CURVE('',#1436,#1445,#1449,.T.);
#1451=ORIENTED_EDGE('',*,*,#1450,.T.);
#1452=CARTESIAN_POINT('',(-121.722431864,-107.5,15.));
#1453=VERTEX_POINT('',#1452);
#1454=CARTESIAN_POINT('',(-107.,-99.,15.));
#1455=DIRECTION('',(-0.866025404,-0.5,0.));
#1456=VECTOR('',#1455,17.);
#1457=LINE('',#1454,#1456);
#1458=EDGE_CURVE('',#1445,#1453,#1457,.T.);
#1459=ORIENTED_EDGE('',*,*,#1458,.T.);
#1460=CARTESIAN_POINT('',(-135.29016319,-84.,15.));
#1461=VERTEX_POINT('',#1460);
#1462=CARTESIAN_POINT('',(-121.722431864,-107.5,15.));
#1463=DIRECTION('',(-0.5,0.866025404,0.));
#1464=VECTOR('',#1463,27.135462652);
#1465=LINE('',#1462,#1464);
#1466=EDGE_CURVE('',#1453,#1461,#1465,.T.);
#1467=ORIENTED_EDGE('',*,*,#1466,.T.);
#1468=CARTESIAN_POINT('',(-143.,-49.,15.));
#1469=VERTEX_POINT('',#1468);
#1470=CARTESIAN_POINT('',(-59.70111733,-49.,15.));
#1471=DIRECTION('',(0.,0.,-1.));
#1472=DIRECTION('',(-1.,0.,0.));
#1473=AXIS2_PLACEMENT_3D('',#1470,#1471,#1472);
#1474=CIRCLE('',#1473,83.29888267);
#1475=EDGE_CURVE('',#1461,#1469,#1474,.T.);
#1476=ORIENTED_EDGE('',*,*,#1475,.T.);
#1477=CARTESIAN_POINT('',(-143.,-49.,15.));
#1478=DIRECTION('',(0.,1.,0.));
#1479=VECTOR('',#1478,15.);
#1480=LINE('',#1477,#1479);
#1481=EDGE_CURVE('',#1469,#1223,#1480,.T.);
#1482=ORIENTED_EDGE('',*,*,#1481,.T.);
#1483=EDGE_LOOP('',(#1231,#1240,#1248,#1257,#1265,#1273,#1281,#1290,#1298,#1307,#1315,#1324,#1332,#1341,#1350,#1358,#1367,#1375,#1383,#1392,#1400,#1409,#1417,#1426,#1434,#1443,
#1451,#1459,#1467,#1476,#1482));
#1484=FACE_BOUND('',#1483,.T.);
#1485=ADVANCED_FACE('',(#1484),#1221,.T.);
#1486=CARTESIAN_POINT('',(0.,0.,15.));
#1487=DIRECTION('',(0.,0.,1.));
#1488=DIRECTION('',(-1.,0.,0.));
#1489=AXIS2_PLACEMENT_3D('',#1486,#1487,#1488);
#1490=PLANE('',#1489);
#1491=CARTESIAN_POINT('',(-145.,-27.,15.));
#1492=VERTEX_POINT('',#1491);
#1493=CARTESIAN_POINT('',(-145.,1.,15.));
#1494=VERTEX_POINT('',#1493);
#1495=CARTESIAN_POINT('',(-145.,-27.,15.));
#1496=DIRECTION('',(0.,1.,0.));
#1497=VECTOR('',#1496,28.);
#1498=LINE('',#1495,#1497);
#1499=EDGE_CURVE('',#1492,#1494,#1498,.T.);
#1500=ORIENTED_EDGE('',*,*,#1499,.F.);
#1501=CARTESIAN_POINT('',(-144.,-28.,15.));
#1502=VERTEX_POINT('',#1501);
#1503=CARTESIAN_POINT('',(-144.,-27.,15.));
#1504=DIRECTION('',(0.,0.,1.));
#1505=DIRECTION('',(1.,0.,-0.));
#1506=AXIS2_PLACEMENT_3D('',#1503,#1504,#1505);
#1507=CIRCLE('',#1506,1.);
#1508=EDGE_CURVE('',#1492,#1502,#1507,.T.);
#1509=ORIENTED_EDGE('',*,*,#1508,.T.);
#1510=CARTESIAN_POINT('',(-143.,-28.,15.));
#1511=VERTEX_POINT('',#1510);
#1512=CARTESIAN_POINT('',(-143.,-28.,15.));
#1513=DIRECTION('',(-1.,0.,0.));
#1514=VECTOR('',#1513,1.);
#1515=LINE('',#1512,#1514);
#1516=EDGE_CURVE('',#1511,#1502,#1515,.T.);
#1517=ORIENTED_EDGE('',*,*,#1516,.F.);
#1518=CARTESIAN_POINT('',(-143.,1.,15.));
#1519=VERTEX_POINT('',#1518);
#1520=CARTESIAN_POINT('',(-143.,-28.,15.));
#1521=DIRECTION('',(0.,1.,0.));
#1522=VECTOR('',#1521,29.);
#1523=LINE('',#1520,#1522);
#1524=EDGE_CURVE('',#1511,#1519,#1523,.T.);
#1525=ORIENTED_EDGE('',*,*,#1524,.T.);
#1526=CARTESIAN_POINT('',(-144.,2.,15.));
#1527=VERTEX_POINT('',#1526);
#1528=CARTESIAN_POINT('',(-144.,1.,15.));
#1529=DIRECTION('',(0.,0.,1.));
#1530=DIRECTION('',(1.,0.,-0.));
#1531=AXIS2_PLACEMENT_3D('',#1528,#1529,#1530);
#1532=CIRCLE('',#1531,1.);
#1533=EDGE_CURVE('',#1519,#1527,#1532,.T.);
#1534=ORIENTED_EDGE('',*,*,#1533,.T.);
#1535=CARTESIAN_POINT('',(-144.,1.,15.));
#1536=DIRECTION('',(0.,0.,1.));
#1537=DIRECTION('',(1.,0.,-0.));
#1538=AXIS2_PLACEMENT_3D('',#1535,#1536,#1537);
#1539=CIRCLE('',#1538,1.);
#1540=EDGE_CURVE('',#1527,#1494,#1539,.T.);
#1541=ORIENTED_EDGE('',*,*,#1540,.T.);
#1542=EDGE_LOOP('',(#1500,#1509,#1517,#1525,#1534,#1541));
#1543=FACE_BOUND('',#1542,.T.);
#1544=ADVANCED_FACE('',(#1543),#1490,.T.);
#1545=CARTESIAN_POINT('',(-143.,0.,15.));
#1546=DIRECTION('',(0.,1.,0.));
#1547=DIRECTION('',(0.,0.,1.));
#1548=AXIS2_PLACEMENT_3D('',#1545,#1546,#1547);
#1549=PLANE('',#1548);
#1550=CARTESIAN_POINT('',(-126.,0.,1.5));
#1551=VERTEX_POINT('',#1550);
#1552=CARTESIAN_POINT('',(-126.,0.,8.5));
#1553=VERTEX_POINT('',#1552);
#1554=CARTESIAN_POINT('',(-126.,0.,1.5));
#1555=DIRECTION('',(0.,0.,1.));
#1556=VECTOR('',#1555,7.);
#1557=LINE('',#1554,#1556);
#1558=EDGE_CURVE('',#1551,#1553,#1557,.T.);
#1559=ORIENTED_EDGE('',*,*,#1558,.T.);
#1560=CARTESIAN_POINT('',(-128.,0.,10.5));
#1561=VERTEX_POINT('',#1560);
#1562=CARTESIAN_POINT('',(-128.,0.,8.5));
#1563=DIRECTION('',(-0.,-1.,-0.));
#1564=DIRECTION('',(0.,-0.,1.));
#1565=AXIS2_PLACEMENT_3D('',#1562,#1563,#1564);
#1566=CIRCLE('',#1565,2.);
#1567=EDGE_CURVE('',#1553,#1561,#1566,.T.);
#1568=ORIENTED_EDGE('',*,*,#1567,.T.);
#1569=CARTESIAN_POINT('',(-142.,0.,10.5));
#1570=VERTEX_POINT('',#1569);
#1571=CARTESIAN_POINT('',(-142.,0.,10.5));
#1572=DIRECTION('',(1.,0.,0.));
#1573=VECTOR('',#1572,14.);
#1574=LINE('',#1571,#1573);
#1575=EDGE_CURVE('',#1570,#1561,#1574,.T.);
#1576=ORIENTED_EDGE('',*,*,#1575,.F.);
#1577=CARTESIAN_POINT('',(-142.,0.,0.));
#1578=VERTEX_POINT('',#1577);
#1579=CARTESIAN_POINT('',(-142.,0.,10.5));
#1580=DIRECTION('',(0.,0.,-1.));
#1581=VECTOR('',#1580,10.5);
#1582=LINE('',#1579,#1581);
#1583=EDGE_CURVE('',#1570,#1578,#1582,.T.);
#1584=ORIENTED_EDGE('',*,*,#1583,.T.);
#1585=CARTESIAN_POINT('',(-53.,0.,0.));
#1586=VERTEX_POINT('',#1585);
#1587=CARTESIAN_POINT('',(-142.,0.,0.));
#1588=DIRECTION('',(1.,0.,-0.));
#1589=VECTOR('',#1588,89.);
#1590=LINE('',#1587,#1589);
#1591=EDGE_CURVE('',#1578,#1586,#1590,.T.);
#1592=ORIENTED_EDGE('',*,*,#1591,.T.);
#1593=CARTESIAN_POINT('',(-53.,0.,15.));
#1594=DIRECTION('',(0.,0.,-1.));
#1595=VECTOR('',#1594,15.);
#1596=LINE('',#1593,#1595);
#1597=EDGE_CURVE('',#1369,#1586,#1596,.T.);
#1598=ORIENTED_EDGE('',*,*,#1597,.F.);
#1599=ORIENTED_EDGE('',*,*,#1374,.F.);
#1600=CARTESIAN_POINT('',(-118.,0.,10.5));
#1601=VERTEX_POINT('',#1600);
#1602=CARTESIAN_POINT('',(-118.,0.,10.5));
#1603=DIRECTION('',(-0.,0.,1.));
#1604=VECTOR('',#1603,4.5);
#1605=LINE('',#1602,#1604);
#1606=EDGE_CURVE('',#1601,#1360,#1605,.T.);
#1607=ORIENTED_EDGE('',*,*,#1606,.F.);
#1608=CARTESIAN_POINT('',(-120.,0.,10.5));
#1609=VERTEX_POINT('',#1608);
#1610=CARTESIAN_POINT('',(-120.,0.,10.5));
#1611=DIRECTION('',(1.,0.,0.));
#1612=VECTOR('',#1611,2.);
#1613=LINE('',#1610,#1612);
#1614=EDGE_CURVE('',#1609,#1601,#1613,.T.);
#1615=ORIENTED_EDGE('',*,*,#1614,.F.);
#1616=CARTESIAN_POINT('',(-122.,0.,8.5));
#1617=VERTEX_POINT('',#1616);
#1618=CARTESIAN_POINT('',(-120.,0.,8.5));
#1619=DIRECTION('',(-0.,-1.,-0.));
#1620=DIRECTION('',(0.,-0.,1.));
#1621=AXIS2_PLACEMENT_3D('',#1618,#1619,#1620);
#1622=CIRCLE('',#1621,2.);
#1623=EDGE_CURVE('',#1609,#1617,#1622,.T.);
#1624=ORIENTED_EDGE('',*,*,#1623,.T.);
#1625=CARTESIAN_POINT('',(-122.,0.,1.5));
#1626=VERTEX_POINT('',#1625);
#1627=CARTESIAN_POINT('',(-122.,0.,1.5));
#1628=DIRECTION('',(0.,0.,1.));
#1629=VECTOR('',#1628,7.);
#1630=LINE('',#1627,#1629);
#1631=EDGE_CURVE('',#1626,#1617,#1630,.T.);
#1632=ORIENTED_EDGE('',*,*,#1631,.F.);
#1633=CARTESIAN_POINT('',(-122.,0.,1.5));
#1634=DIRECTION('',(-1.,0.,0.));
#1635=VECTOR('',#1634,4.);
#1636=LINE('',#1633,#1635);
#1637=EDGE_CURVE('',#1626,#1551,#1636,.T.);
#1638=ORIENTED_EDGE('',*,*,#1637,.T.);
#1639=EDGE_LOOP('',(#1559,#1568,#1576,#1584,#1592,#1598,#1599,#1607,#1615,#1624,#1632,#1638));
#1640=FACE_BOUND('',#1639,.T.);
#1641=ADVANCED_FACE('',(#1640),#1549,.F.);
#1642=CARTESIAN_POINT('',(-145.,2.,15.));
#1643=DIRECTION('',(0.,1.,0.));
#1644=DIRECTION('',(0.,0.,1.));
#1645=AXIS2_PLACEMENT_3D('',#1642,#1643,#1644);
#1646=PLANE('',#1645);
#1647=CARTESIAN_POINT('',(-144.,2.,10.5));
#1648=VERTEX_POINT('',#1647);
#1649=CARTESIAN_POINT('',(-116.,2.,10.5));
#1650=VERTEX_POINT('',#1649);
#1651=CARTESIAN_POINT('',(-144.,2.,10.5));
#1652=DIRECTION('',(1.,0.,0.));
#1653=VECTOR('',#1652,28.);
#1654=LINE('',#1651,#1653);
#1655=EDGE_CURVE('',#1648,#1650,#1654,.T.);
#1656=ORIENTED_EDGE('',*,*,#1655,.T.);
#1657=CARTESIAN_POINT('',(-116.,2.,10.5));
#1658=DIRECTION('',(-0.,0.,1.));
#1659=VECTOR('',#1658,4.5);
#1660=LINE('',#1657,#1659);
#1661=EDGE_CURVE('',#1650,#1352,#1660,.T.);
#1662=ORIENTED_EDGE('',*,*,#1661,.T.);
#1663=ORIENTED_EDGE('',*,*,#1357,.T.);
#1664=CARTESIAN_POINT('',(-53.,2.,0.));
#1665=VERTEX_POINT('',#1664);
#1666=CARTESIAN_POINT('',(-53.,2.,15.));
#1667=DIRECTION('',(0.,0.,-1.));
#1668=VECTOR('',#1667,15.);
#1669=LINE('',#1666,#1668);
#1670=EDGE_CURVE('',#1343,#1665,#1669,.T.);
#1671=ORIENTED_EDGE('',*,*,#1670,.T.);
#1672=CARTESIAN_POINT('',(-144.,2.,0.));
#1673=VERTEX_POINT('',#1672);
#1674=CARTESIAN_POINT('',(-144.,2.,0.));
#1675=DIRECTION('',(1.,0.,-0.));
#1676=VECTOR('',#1675,91.);
#1677=LINE('',#1674,#1676);
#1678=EDGE_CURVE('',#1673,#1665,#1677,.T.);
#1679=ORIENTED_EDGE('',*,*,#1678,.F.);
#1680=CARTESIAN_POINT('',(-144.,2.,0.));
#1681=DIRECTION('',(-0.,-0.,1.));
#1682=VECTOR('',#1681,10.5);
#1683=LINE('',#1680,#1682);
#1684=EDGE_CURVE('',#1673,#1648,#1683,.T.);
#1685=ORIENTED_EDGE('',*,*,#1684,.T.);
#1686=EDGE_LOOP('',(#1656,#1662,#1663,#1671,#1679,#1685));
#1687=FACE_BOUND('',#1686,.T.);
#1688=ADVANCED_FACE('',(#1687),#1646,.T.);
#1689=CARTESIAN_POINT('',(-142.,-1.,15.));
#1690=DIRECTION('',(0.,0.,1.));
#1691=DIRECTION('',(1.,0.,-0.));
#1692=AXIS2_PLACEMENT_3D('',#1689,#1690,#1691);
#1693=CYLINDRICAL_SURFACE('',#1692,1.);
#1694=CARTESIAN_POINT('',(-143.,-1.,10.5));
#1695=VERTEX_POINT('',#1694);
#1696=CARTESIAN_POINT('',(-142.,-1.,10.5));
#1697=DIRECTION('',(0.,-0.,-1.));
#1698=DIRECTION('',(1.,0.,0.));
#1699=AXIS2_PLACEMENT_3D('',#1696,#1697,#1698);
#1700=CIRCLE('',#1699,1.);
#1701=EDGE_CURVE('',#1695,#1570,#1700,.T.);
#1702=ORIENTED_EDGE('',*,*,#1701,.F.);
#1703=CARTESIAN_POINT('',(-143.,-1.,0.));
#1704=VERTEX_POINT('',#1703);
#1705=CARTESIAN_POINT('',(-143.,-1.,0.));
#1706=DIRECTION('',(-0.,-0.,1.));
#1707=VECTOR('',#1706,10.5);
#1708=LINE('',#1705,#1707);
#1709=EDGE_CURVE('',#1704,#1695,#1708,.T.);
#1710=ORIENTED_EDGE('',*,*,#1709,.F.);
#1711=CARTESIAN_POINT('',(-142.,-1.,0.));
#1712=DIRECTION('',(0.,0.,1.));
#1713=DIRECTION('',(1.,0.,-0.));
#1714=AXIS2_PLACEMENT_3D('',#1711,#1712,#1713);
#1715=CIRCLE('',#1714,1.);
#1716=EDGE_CURVE('',#1578,#1704,#1715,.T.);
#1717=ORIENTED_EDGE('',*,*,#1716,.F.);
#1718=ORIENTED_EDGE('',*,*,#1583,.F.);
#1719=EDGE_LOOP('',(#1702,#1710,#1717,#1718));
#1720=FACE_BOUND('',#1719,.T.);
#1721=ADVANCED_FACE('',(#1720),#1693,.F.);
#1722=CARTESIAN_POINT('',(-126.,1.2,1.5));
#1723=DIRECTION('',(0.,-1.,0.));
#1724=DIRECTION('',(0.,0.,-1.));
#1725=AXIS2_PLACEMENT_3D('',#1722,#1723,#1724);
#1726=PLANE('',#1725);
#1727=CARTESIAN_POINT('',(-122.,1.2,1.5));
#1728=VERTEX_POINT('',#1727);
#1729=CARTESIAN_POINT('',(-122.,1.2,8.5));
#1730=VERTEX_POINT('',#1729);
#1731=CARTESIAN_POINT('',(-122.,1.2,1.5));
#1732=DIRECTION('',(0.,0.,1.));
#1733=VECTOR('',#1732,7.);
#1734=LINE('',#1731,#1733);
#1735=EDGE_CURVE('',#1728,#1730,#1734,.T.);
#1736=ORIENTED_EDGE('',*,*,#1735,.T.);
#1737=CARTESIAN_POINT('',(-120.,1.2,10.5));
#1738=VERTEX_POINT('',#1737);
#1739=CARTESIAN_POINT('',(-120.,1.2,8.5));
#1740=DIRECTION('',(-0.,1.,-0.));
#1741=DIRECTION('',(0.,0.,-1.));
#1742=AXIS2_PLACEMENT_3D('',#1739,#1740,#1741);
#1743=CIRCLE('',#1742,2.);
#1744=EDGE_CURVE('',#1730,#1738,#1743,.T.);
#1745=ORIENTED_EDGE('',*,*,#1744,.T.);
#1746=CARTESIAN_POINT('',(-128.,1.2,10.5));
#1747=VERTEX_POINT('',#1746);
#1748=CARTESIAN_POINT('',(-120.,1.2,10.5));
#1749=DIRECTION('',(-1.,0.,-0.));
#1750=VECTOR('',#1749,8.);
#1751=LINE('',#1748,#1750);
#1752=EDGE_CURVE('',#1738,#1747,#1751,.T.);
#1753=ORIENTED_EDGE('',*,*,#1752,.T.);
#1754=CARTESIAN_POINT('',(-126.,1.2,8.5));
#1755=VERTEX_POINT('',#1754);
#1756=CARTESIAN_POINT('',(-128.,1.2,8.5));
#1757=DIRECTION('',(-0.,1.,-0.));
#1758=DIRECTION('',(0.,0.,-1.));
#1759=AXIS2_PLACEMENT_3D('',#1756,#1757,#1758);
#1760=CIRCLE('',#1759,2.);
#1761=EDGE_CURVE('',#1747,#1755,#1760,.T.);
#1762=ORIENTED_EDGE('',*,*,#1761,.T.);
#1763=CARTESIAN_POINT('',(-126.,1.2,1.5));
#1764=VERTEX_POINT('',#1763);
#1765=CARTESIAN_POINT('',(-126.,1.2,1.5));
#1766=DIRECTION('',(0.,0.,1.));
#1767=VECTOR('',#1766,7.);
#1768=LINE('',#1765,#1767);
#1769=EDGE_CURVE('',#1764,#1755,#1768,.T.);
#1770=ORIENTED_EDGE('',*,*,#1769,.F.);
#1771=CARTESIAN_POINT('',(-126.,1.2,1.5));
#1772=DIRECTION('',(1.,0.,-0.));
#1773=VECTOR('',#1772,4.);
#1774=LINE('',#1771,#1773);
#1775=EDGE_CURVE('',#1764,#1728,#1774,.T.);
#1776=ORIENTED_EDGE('',*,*,#1775,.T.);
#1777=EDGE_LOOP('',(#1736,#1745,#1753,#1762,#1770,#1776));
#1778=FACE_BOUND('',#1777,.T.);
#1779=ADVANCED_FACE('',(#1778),#1726,.T.);
#1780=CARTESIAN_POINT('',(-122.,1.2,1.5));
#1781=DIRECTION('',(-1.,0.,0.));
#1782=DIRECTION('',(0.,0.,1.));
#1783=AXIS2_PLACEMENT_3D('',#1780,#1781,#1782);
#1784=PLANE('',#1783);
#1785=ORIENTED_EDGE('',*,*,#1631,.T.);
#1786=CARTESIAN_POINT('',(-122.,0.,8.5));
#1787=DIRECTION('',(0.,1.,0.));
#1788=VECTOR('',#1787,1.2);
#1789=LINE('',#1786,#1788);
#1790=EDGE_CURVE('',#1617,#1730,#1789,.T.);
#1791=ORIENTED_EDGE('',*,*,#1790,.T.);
#1792=ORIENTED_EDGE('',*,*,#1735,.F.);
#1793=CARTESIAN_POINT('',(-122.,1.2,1.5));
#1794=DIRECTION('',(0.,-1.,0.));
#1795=VECTOR('',#1794,1.2);
#1796=LINE('',#1793,#1795);
#1797=EDGE_CURVE('',#1728,#1626,#1796,.T.);
#1798=ORIENTED_EDGE('',*,*,#1797,.T.);
#1799=EDGE_LOOP('',(#1785,#1791,#1792,#1798));
#1800=FACE_BOUND('',#1799,.T.);
#1801=ADVANCED_FACE('',(#1800),#1784,.T.);
#1802=CARTESIAN_POINT('',(-126.,0.,1.5));
#1803=DIRECTION('',(1.,0.,0.));
#1804=DIRECTION('',(0.,0.,-1.));
#1805=AXIS2_PLACEMENT_3D('',#1802,#1803,#1804);
#1806=PLANE('',#1805);
#1807=ORIENTED_EDGE('',*,*,#1769,.T.);
#1808=CARTESIAN_POINT('',(-126.,1.2,8.5));
#1809=DIRECTION('',(0.,-1.,0.));
#1810=VECTOR('',#1809,1.2);
#1811=LINE('',#1808,#1810);
#1812=EDGE_CURVE('',#1755,#1553,#1811,.T.);
#1813=ORIENTED_EDGE('',*,*,#1812,.T.);
#1814=ORIENTED_EDGE('',*,*,#1558,.F.);
#1815=CARTESIAN_POINT('',(-126.,0.,1.5));
#1816=DIRECTION('',(0.,1.,0.));
#1817=VECTOR('',#1816,1.2);
#1818=LINE('',#1815,#1817);
#1819=EDGE_CURVE('',#1551,#1764,#1818,.T.);
#1820=ORIENTED_EDGE('',*,*,#1819,.T.);
#1821=EDGE_LOOP('',(#1807,#1813,#1814,#1820));
#1822=FACE_BOUND('',#1821,.T.);
#1823=ADVANCED_FACE('',(#1822),#1806,.T.);
#1824=CARTESIAN_POINT('',(0.,-84.,15.));
#1825=DIRECTION('',(1.,0.,0.));
#1826=DIRECTION('',(0.,0.,-1.));
#1827=AXIS2_PLACEMENT_3D('',#1824,#1825,#1826);
#1828=PLANE('',#1827);
#1829=ORIENTED_EDGE('',*,*,#1399,.F.);
#1830=CARTESIAN_POINT('',(0.,-6.232175198,0.));
#1831=VERTEX_POINT('',#1830);
#1832=CARTESIAN_POINT('',(0.,-6.232175198,15.));
#1833=DIRECTION('',(-0.,-0.,-1.));
#1834=VECTOR('',#1833,15.);
#1835=LINE('',#1832,#1834);
#1836=EDGE_CURVE('',#1385,#1831,#1835,.T.);
#1837=ORIENTED_EDGE('',*,*,#1836,.T.);
#1838=CARTESIAN_POINT('',(0.,-83.,0.));
#1839=VERTEX_POINT('',#1838);
#1840=CARTESIAN_POINT('',(0.,-6.232175198,0.));
#1841=DIRECTION('',(0.,-1.,0.));
#1842=VECTOR('',#1841,76.767824802);
#1843=LINE('',#1840,#1842);
#1844=EDGE_CURVE('',#1831,#1839,#1843,.T.);
#1845=ORIENTED_EDGE('',*,*,#1844,.T.);
#1846=CARTESIAN_POINT('',(0.,-83.,0.));
#1847=DIRECTION('',(-0.,-0.,1.));
#1848=VECTOR('',#1847,15.);
#1849=LINE('',#1846,#1848);
#1850=EDGE_CURVE('',#1839,#1394,#1849,.T.);
#1851=ORIENTED_EDGE('',*,*,#1850,.T.);
#1852=EDGE_LOOP('',(#1829,#1837,#1845,#1851));
#1853=FACE_BOUND('',#1852,.T.);
#1854=ADVANCED_FACE('',(#1853),#1828,.F.);
#1855=CARTESIAN_POINT('',(0.,-84.,15.));
#1856=DIRECTION('',(0.,-1.,0.));
#1857=DIRECTION('',(0.,0.,-1.));
#1858=AXIS2_PLACEMENT_3D('',#1855,#1856,#1857);
#1859=PLANE('',#1858);
#1860=ORIENTED_EDGE('',*,*,#1416,.F.);
#1861=CARTESIAN_POINT('',(-1.,-84.,0.));
#1862=VERTEX_POINT('',#1861);
#1863=CARTESIAN_POINT('',(-1.,-84.,15.));
#1864=DIRECTION('',(0.,0.,-1.));
#1865=VECTOR('',#1864,15.);
#1866=LINE('',#1863,#1865);
#1867=EDGE_CURVE('',#1402,#1862,#1866,.T.);
#1868=ORIENTED_EDGE('',*,*,#1867,.T.);
#1869=CARTESIAN_POINT('',(-43.816074584,-84.,0.));
#1870=VERTEX_POINT('',#1869);
#1871=CARTESIAN_POINT('',(-1.,-84.,0.));
#1872=DIRECTION('',(-1.,0.,0.));
#1873=VECTOR('',#1872,42.816074584);
#1874=LINE('',#1871,#1873);
#1875=EDGE_CURVE('',#1862,#1870,#1874,.T.);
#1876=ORIENTED_EDGE('',*,*,#1875,.T.);
#1877=CARTESIAN_POINT('',(-43.816074584,-84.,15.));
#1878=DIRECTION('',(0.,0.,-1.));
#1879=VECTOR('',#1878,15.);
#1880=LINE('',#1877,#1879);
#1881=EDGE_CURVE('',#1411,#1870,#1880,.T.);
#1882=ORIENTED_EDGE('',*,*,#1881,.F.);
#1883=EDGE_LOOP('',(#1860,#1868,#1876,#1882));
#1884=FACE_BOUND('',#1883,.T.);
#1885=ADVANCED_FACE('',(#1884),#1859,.F.);
#1886=CARTESIAN_POINT('',(-43.816074584,-87.183925416,15.));
#1887=DIRECTION('',(0.,0.,-1.));
#1888=DIRECTION('',(-1.,0.,0.));
#1889=AXIS2_PLACEMENT_3D('',#1886,#1887,#1888);
#1890=CYLINDRICAL_SURFACE('',#1889,3.183925416);
#1891=CARTESIAN_POINT('',(-47.,-87.183925416,0.));
#1892=VERTEX_POINT('',#1891);
#1893=CARTESIAN_POINT('',(-43.816074584,-87.183925416,0.));
#1894=DIRECTION('',(0.,0.,1.));
#1895=DIRECTION('',(0.,-1.,0.));
#1896=AXIS2_PLACEMENT_3D('',#1893,#1894,#1895);
#1897=CIRCLE('',#1896,3.183925416);
#1898=EDGE_CURVE('',#1870,#1892,#1897,.T.);
#1899=ORIENTED_EDGE('',*,*,#1898,.T.);
#1900=CARTESIAN_POINT('',(-47.,-87.183925416,15.));
#1901=DIRECTION('',(0.,0.,-1.));
#1902=VECTOR('',#1901,15.);
#1903=LINE('',#1900,#1902);
#1904=EDGE_CURVE('',#1419,#1892,#1903,.T.);
#1905=ORIENTED_EDGE('',*,*,#1904,.F.);
#1906=ORIENTED_EDGE('',*,*,#1425,.F.);
#1907=ORIENTED_EDGE('',*,*,#1881,.T.);
#1908=EDGE_LOOP('',(#1899,#1905,#1906,#1907));
#1909=FACE_BOUND('',#1908,.T.);
#1910=ADVANCED_FACE('',(#1909),#1890,.T.);
#1911=CARTESIAN_POINT('',(-47.,-87.183925416,15.));
#1912=DIRECTION('',(1.,0.,0.));
#1913=DIRECTION('',(0.,0.,-1.));
#1914=AXIS2_PLACEMENT_3D('',#1911,#1912,#1913);
#1915=PLANE('',#1914);
#1916=CARTESIAN_POINT('',(-47.,-98.,0.));
#1917=VERTEX_POINT('',#1916);
#1918=CARTESIAN_POINT('',(-47.,-87.183925416,0.));
#1919=DIRECTION('',(0.,-1.,0.));
#1920=VECTOR('',#1919,10.816074584);
#1921=LINE('',#1918,#1920);
#1922=EDGE_CURVE('',#1892,#1917,#1921,.T.);
#1923=ORIENTED_EDGE('',*,*,#1922,.T.);
#1924=CARTESIAN_POINT('',(-47.,-98.,0.));
#1925=DIRECTION('',(-0.,-0.,1.));
#1926=VECTOR('',#1925,15.);
#1927=LINE('',#1924,#1926);
#1928=EDGE_CURVE('',#1917,#1428,#1927,.T.);
#1929=ORIENTED_EDGE('',*,*,#1928,.T.);
#1930=ORIENTED_EDGE('',*,*,#1433,.F.);
#1931=ORIENTED_EDGE('',*,*,#1904,.T.);
#1932=EDGE_LOOP('',(#1923,#1929,#1930,#1931));
#1933=FACE_BOUND('',#1932,.T.);
#1934=ADVANCED_FACE('',(#1933),#1915,.F.);
#1935=CARTESIAN_POINT('',(-47.,-99.,15.));
#1936=DIRECTION('',(0.,-1.,0.));
#1937=DIRECTION('',(0.,0.,-1.));
#1938=AXIS2_PLACEMENT_3D('',#1935,#1936,#1937);
#1939=PLANE('',#1938);
#1940=ORIENTED_EDGE('',*,*,#1450,.F.);
#1941=CARTESIAN_POINT('',(-48.,-99.,0.));
#1942=VERTEX_POINT('',#1941);
#1943=CARTESIAN_POINT('',(-48.,-99.,15.));
#1944=DIRECTION('',(0.,0.,-1.));
#1945=VECTOR('',#1944,15.);
#1946=LINE('',#1943,#1945);
#1947=EDGE_CURVE('',#1436,#1942,#1946,.T.);
#1948=ORIENTED_EDGE('',*,*,#1947,.T.);
#1949=CARTESIAN_POINT('',(-107.,-99.,0.));
#1950=VERTEX_POINT('',#1949);
#1951=CARTESIAN_POINT('',(-48.,-99.,0.));
#1952=DIRECTION('',(-1.,0.,0.));
#1953=VECTOR('',#1952,59.);
#1954=LINE('',#1951,#1953);
#1955=EDGE_CURVE('',#1942,#1950,#1954,.T.);
#1956=ORIENTED_EDGE('',*,*,#1955,.T.);
#1957=CARTESIAN_POINT('',(-107.,-99.,15.));
#1958=DIRECTION('',(0.,0.,-1.));
#1959=VECTOR('',#1958,15.);
#1960=LINE('',#1957,#1959);
#1961=EDGE_CURVE('',#1445,#1950,#1960,.T.);
#1962=ORIENTED_EDGE('',*,*,#1961,.F.);
#1963=EDGE_LOOP('',(#1940,#1948,#1956,#1962));
#1964=FACE_BOUND('',#1963,.T.);
#1965=ADVANCED_FACE('',(#1964),#1939,.F.);
#1966=CARTESIAN_POINT('',(-107.,-99.,15.));
#1967=DIRECTION('',(0.5,-0.866025404,0.));
#1968=DIRECTION('',(0.866025404,0.5,0.));
#1969=AXIS2_PLACEMENT_3D('',#1966,#1967,#1968);
#1970=PLANE('',#1969);
#1971=CARTESIAN_POINT('',(-121.722431864,-107.5,0.));
#1972=VERTEX_POINT('',#1971);
#1973=CARTESIAN_POINT('',(-107.,-99.,0.));
#1974=DIRECTION('',(-0.866025404,-0.5,0.));
#1975=VECTOR('',#1974,17.);
#1976=LINE('',#1973,#1975);
#1977=EDGE_CURVE('',#1950,#1972,#1976,.T.);
#1978=ORIENTED_EDGE('',*,*,#1977,.T.);
#1979=CARTESIAN_POINT('',(-121.722431864,-107.5,15.));
#1980=DIRECTION('',(0.,0.,-1.));
#1981=VECTOR('',#1980,15.);
#1982=LINE('',#1979,#1981);
#1983=EDGE_CURVE('',#1453,#1972,#1982,.T.);
#1984=ORIENTED_EDGE('',*,*,#1983,.F.);
#1985=ORIENTED_EDGE('',*,*,#1458,.F.);
#1986=ORIENTED_EDGE('',*,*,#1961,.T.);
#1987=EDGE_LOOP('',(#1978,#1984,#1985,#1986));
#1988=FACE_BOUND('',#1987,.T.);
#1989=ADVANCED_FACE('',(#1988),#1970,.F.);
#1990=CARTESIAN_POINT('',(-121.722431864,-107.5,15.));
#1991=DIRECTION('',(-0.866025404,-0.5,0.));
#1992=DIRECTION('',(0.5,-0.866025404,0.));
#1993=AXIS2_PLACEMENT_3D('',#1990,#1991,#1992);
#1994=PLANE('',#1993);
#1995=CARTESIAN_POINT('',(-135.29016319,-84.,0.));
#1996=VERTEX_POINT('',#1995);
#1997=CARTESIAN_POINT('',(-121.722431864,-107.5,0.));
#1998=DIRECTION('',(-0.5,0.866025404,0.));
#1999=VECTOR('',#1998,27.135462652);
#2000=LINE('',#1997,#1999);
#2001=EDGE_CURVE('',#1972,#1996,#2000,.T.);
#2002=ORIENTED_EDGE('',*,*,#2001,.T.);
#2003=CARTESIAN_POINT('',(-135.29016319,-84.,15.));
#2004=DIRECTION('',(0.,0.,-1.));
#2005=VECTOR('',#2004,15.);
#2006=LINE('',#2003,#2005);
#2007=EDGE_CURVE('',#1461,#1996,#2006,.T.);
#2008=ORIENTED_EDGE('',*,*,#2007,.F.);
#2009=ORIENTED_EDGE('',*,*,#1466,.F.);
#2010=ORIENTED_EDGE('',*,*,#1983,.T.);
#2011=EDGE_LOOP('',(#2002,#2008,#2009,#2010));
#2012=FACE_BOUND('',#2011,.T.);
#2013=ADVANCED_FACE('',(#2012),#1994,.F.);
#2014=CARTESIAN_POINT('',(-59.70111733,-49.,15.));
#2015=DIRECTION('',(0.,0.,-1.));
#2016=DIRECTION('',(-1.,0.,0.));
#2017=AXIS2_PLACEMENT_3D('',#2014,#2015,#2016);
#2018=CYLINDRICAL_SURFACE('',#2017,83.29888267);
#2019=CARTESIAN_POINT('',(-143.,-49.,0.));
#2020=VERTEX_POINT('',#2019);
#2021=CARTESIAN_POINT('',(-59.70111733,-49.,0.));
#2022=DIRECTION('',(0.,0.,-1.));
#2023=DIRECTION('',(-1.,0.,0.));
#2024=AXIS2_PLACEMENT_3D('',#2021,#2022,#2023);
#2025=CIRCLE('',#2024,83.29888267);
#2026=EDGE_CURVE('',#1996,#2020,#2025,.T.);
#2027=ORIENTED_EDGE('',*,*,#2026,.T.);
#2028=CARTESIAN_POINT('',(-143.,-49.,15.));
#2029=DIRECTION('',(0.,0.,-1.));
#2030=VECTOR('',#2029,15.);
#2031=LINE('',#2028,#2030);
#2032=EDGE_CURVE('',#1469,#2020,#2031,.T.);
#2033=ORIENTED_EDGE('',*,*,#2032,.F.);
#2034=ORIENTED_EDGE('',*,*,#1475,.F.);
#2035=ORIENTED_EDGE('',*,*,#2007,.T.);
#2036=EDGE_LOOP('',(#2027,#2033,#2034,#2035));
#2037=FACE_BOUND('',#2036,.T.);
#2038=ADVANCED_FACE('',(#2037),#2018,.F.);
#2039=CARTESIAN_POINT('',(-143.,-49.,15.));
#2040=DIRECTION('',(-1.,0.,0.));
#2041=DIRECTION('',(0.,0.,1.));
#2042=AXIS2_PLACEMENT_3D('',#2039,#2040,#2041);
#2043=PLANE('',#2042);
#2044=ORIENTED_EDGE('',*,*,#1524,.F.);
#2045=CARTESIAN_POINT('',(-143.,-28.,13.));
#2046=VERTEX_POINT('',#2045);
#2047=CARTESIAN_POINT('',(-143.,-28.,15.));
#2048=DIRECTION('',(0.,0.,-1.));
#2049=VECTOR('',#2048,2.);
#2050=LINE('',#2047,#2049);
#2051=EDGE_CURVE('',#1511,#2046,#2050,.T.);
#2052=ORIENTED_EDGE('',*,*,#2051,.T.);
#2053=CARTESIAN_POINT('',(-143.,-34.,13.));
#2054=VERTEX_POINT('',#2053);
#2055=CARTESIAN_POINT('',(-143.,-28.,13.));
#2056=DIRECTION('',(0.,-1.,0.));
#2057=VECTOR('',#2056,6.);
#2058=LINE('',#2055,#2057);
#2059=EDGE_CURVE('',#2046,#2054,#2058,.T.);
#2060=ORIENTED_EDGE('',*,*,#2059,.T.);
#2061=CARTESIAN_POINT('',(-143.,-34.,13.));
#2062=DIRECTION('',(0.,-0.,1.));
#2063=VECTOR('',#2062,2.);
#2064=LINE('',#2061,#2063);
#2065=EDGE_CURVE('',#2054,#1223,#2064,.T.);
#2066=ORIENTED_EDGE('',*,*,#2065,.T.);
#2067=ORIENTED_EDGE('',*,*,#1481,.F.);
#2068=ORIENTED_EDGE('',*,*,#2032,.T.);
#2069=CARTESIAN_POINT('',(-143.,-49.,0.));
#2070=DIRECTION('',(0.,1.,0.));
#2071=VECTOR('',#2070,48.);
#2072=LINE('',#2069,#2071);
#2073=EDGE_CURVE('',#2020,#1704,#2072,.T.);
#2074=ORIENTED_EDGE('',*,*,#2073,.T.);
#2075=ORIENTED_EDGE('',*,*,#1709,.T.);
#2076=CARTESIAN_POINT('',(-143.,1.,10.5));
#2077=VERTEX_POINT('',#2076);
#2078=CARTESIAN_POINT('',(-143.,-1.,10.5));
#2079=DIRECTION('',(0.,1.,0.));
#2080=VECTOR('',#2079,2.);
#2081=LINE('',#2078,#2080);
#2082=EDGE_CURVE('',#1695,#2077,#2081,.T.);
#2083=ORIENTED_EDGE('',*,*,#2082,.T.);
#2084=CARTESIAN_POINT('',(-143.,1.,10.5));
#2085=DIRECTION('',(-0.,-0.,1.));
#2086=VECTOR('',#2085,4.5);
#2087=LINE('',#2084,#2086);
#2088=EDGE_CURVE('',#2077,#1519,#2087,.T.);
#2089=ORIENTED_EDGE('',*,*,#2088,.T.);
#2090=EDGE_LOOP('',(#2044,#2052,#2060,#2066,#2067,#2068,#2074,#2075,#2083,#2089));
#2091=FACE_BOUND('',#2090,.T.);
#2092=ADVANCED_FACE('',(#2091),#2043,.F.);
#2093=CARTESIAN_POINT('',(-53.,2.,15.));
#2094=CARTESIAN_POINT('',(-53.,2.,0.));
#2095=CARTESIAN_POINT('',(-14.069329177,1.116358271,15.));
#2096=CARTESIAN_POINT('',(-14.069329177,1.116358271,0.));
#2097=CARTESIAN_POINT('',(2.245734012,-0.337929252,15.));
#2098=CARTESIAN_POINT('',(2.245734012,-0.337929252,0.));
#2099=CARTESIAN_POINT('',(2.000939926,-5.979926418,15.));
#2100=CARTESIAN_POINT('',(2.000939926,-5.979926418,0.));
#2101=B_SPLINE_SURFACE_WITH_KNOTS('',3,1,((#2093,#2094),(#2095,#2096),(#2097,#2098),(#2099,#2100)),.UNSPECIFIED.,.F.,.F.,.U.,(4,4),(2,2),(0.,0.998816483),(0.,1.),.UNSPECIFIED.);
#2102=ORIENTED_EDGE('',*,*,#1349,.T.);
#2103=CARTESIAN_POINT('',(2.000939926,-5.979926418,0.));
#2104=VERTEX_POINT('',#2103);
#2105=CARTESIAN_POINT('',(2.000939926,-5.979926418,15.));
#2106=DIRECTION('',(0.,0.,-1.));
#2107=VECTOR('',#2106,15.);
#2108=LINE('',#2105,#2107);
#2109=EDGE_CURVE('',#1334,#2104,#2108,.T.);
#2110=ORIENTED_EDGE('',*,*,#2109,.T.);
#2111=CARTESIAN_POINT('',(-53.,2.,0.));
#2112=CARTESIAN_POINT('',(-14.069269436,1.116356915,0.));
#2113=CARTESIAN_POINT('',(2.245784084,-0.337933715,0.));
#2114=CARTESIAN_POINT('',(2.000938799,-5.979952391,0.));
#2115=B_SPLINE_CURVE_WITH_KNOTS('',3,(#2111,#2112,#2113,#2114),.UNSPECIFIED.,.F.,.F.,(4,4),(0.,0.998818016),.UNSPECIFIED.);
#2116=EDGE_CURVE('',#1665,#2104,#2115,.T.);
#2117=ORIENTED_EDGE('',*,*,#2116,.F.);
#2118=ORIENTED_EDGE('',*,*,#1670,.F.);
#2119=EDGE_LOOP('',(#2102,#2110,#2117,#2118));
#2120=FACE_BOUND('',#2119,.T.);
#2121=ADVANCED_FACE('',(#2120),#2101,.T.);
#2122=CARTESIAN_POINT('',(-145.,-49.,15.));
#2123=DIRECTION('',(-1.,0.,0.));
#2124=DIRECTION('',(0.,0.,1.));
#2125=AXIS2_PLACEMENT_3D('',#2122,#2123,#2124);
#2126=PLANE('',#2125);
#2127=ORIENTED_EDGE('',*,*,#1247,.T.);
#2128=CARTESIAN_POINT('',(-145.,-35.,13.));
#2129=VERTEX_POINT('',#2128);
#2130=CARTESIAN_POINT('',(-145.,-35.,15.));
#2131=DIRECTION('',(-0.,0.,-1.));
#2132=VECTOR('',#2131,2.);
#2133=LINE('',#2130,#2132);
#2134=EDGE_CURVE('',#1233,#2129,#2133,.T.);
#2135=ORIENTED_EDGE('',*,*,#2134,.T.);
#2136=CARTESIAN_POINT('',(-145.,-27.,13.));
#2137=VERTEX_POINT('',#2136);
#2138=CARTESIAN_POINT('',(-145.,-27.,13.));
#2139=DIRECTION('',(0.,-1.,0.));
#2140=VECTOR('',#2139,8.);
#2141=LINE('',#2138,#2140);
#2142=EDGE_CURVE('',#2137,#2129,#2141,.T.);
#2143=ORIENTED_EDGE('',*,*,#2142,.F.);
#2144=CARTESIAN_POINT('',(-145.,-27.,13.));
#2145=DIRECTION('',(-0.,-0.,1.));
#2146=VECTOR('',#2145,2.);
#2147=LINE('',#2144,#2146);
#2148=EDGE_CURVE('',#2137,#1492,#2147,.T.);
#2149=ORIENTED_EDGE('',*,*,#2148,.T.);
#2150=ORIENTED_EDGE('',*,*,#1499,.T.);
#2151=CARTESIAN_POINT('',(-145.,1.,0.));
#2152=VERTEX_POINT('',#2151);
#2153=CARTESIAN_POINT('',(-145.,1.,15.));
#2154=DIRECTION('',(0.,0.,-1.));
#2155=VECTOR('',#2154,15.);
#2156=LINE('',#2153,#2155);
#2157=EDGE_CURVE('',#1494,#2152,#2156,.T.);
#2158=ORIENTED_EDGE('',*,*,#2157,.T.);
#2159=CARTESIAN_POINT('',(-145.,-49.,0.));
#2160=VERTEX_POINT('',#2159);
#2161=CARTESIAN_POINT('',(-145.,-49.,0.));
#2162=DIRECTION('',(0.,1.,0.));
#2163=VECTOR('',#2162,50.);
#2164=LINE('',#2161,#2163);
#2165=EDGE_CURVE('',#2160,#2152,#2164,.T.);
#2166=ORIENTED_EDGE('',*,*,#2165,.F.);
#2167=CARTESIAN_POINT('',(-145.,-49.,15.));
#2168=DIRECTION('',(0.,0.,-1.));
#2169=VECTOR('',#2168,15.);
#2170=LINE('',#2167,#2169);
#2171=EDGE_CURVE('',#1242,#2160,#2170,.T.);
#2172=ORIENTED_EDGE('',*,*,#2171,.F.);
#2173=EDGE_LOOP('',(#2127,#2135,#2143,#2149,#2150,#2158,#2166,#2172));
#2174=FACE_BOUND('',#2173,.T.);
#2175=ADVANCED_FACE('',(#2174),#2126,.T.);
#2176=CARTESIAN_POINT('',(-59.909714883,-49.,15.));
#2177=DIRECTION('',(0.,0.,-1.));
#2178=DIRECTION('',(-1.,0.,0.));
#2179=AXIS2_PLACEMENT_3D('',#2176,#2177,#2178);
#2180=CYLINDRICAL_SURFACE('',#2179,85.090285117);
#2181=CARTESIAN_POINT('',(-136.954482672,-85.117314098,0.));
#2182=VERTEX_POINT('',#2181);
#2183=CARTESIAN_POINT('',(-59.909714883,-49.,0.));
#2184=DIRECTION('',(0.,0.,-1.));
#2185=DIRECTION('',(-1.,0.,0.));
#2186=AXIS2_PLACEMENT_3D('',#2183,#2184,#2185);
#2187=CIRCLE('',#2186,85.090285117);
#2188=EDGE_CURVE('',#2182,#2160,#2187,.T.);
#2189=ORIENTED_EDGE('',*,*,#2188,.F.);
#2190=CARTESIAN_POINT('',(-136.954482672,-85.117314098,15.));
#2191=DIRECTION('',(0.,0.,-1.));
#2192=VECTOR('',#2191,15.);
#2193=LINE('',#2190,#2192);
#2194=EDGE_CURVE('',#1250,#2182,#2193,.T.);
#2195=ORIENTED_EDGE('',*,*,#2194,.F.);
#2196=ORIENTED_EDGE('',*,*,#1256,.T.);
#2197=ORIENTED_EDGE('',*,*,#2171,.T.);
#2198=EDGE_LOOP('',(#2189,#2195,#2196,#2197));
#2199=FACE_BOUND('',#2198,.T.);
#2200=ADVANCED_FACE('',(#2199),#2180,.T.);
#2201=CARTESIAN_POINT('',(-122.454482672,-110.232050808,15.));
#2202=DIRECTION('',(-0.866025404,-0.5,0.));
#2203=DIRECTION('',(0.5,-0.866025404,0.));
#2204=AXIS2_PLACEMENT_3D('',#2201,#2202,#2203);
#2205=PLANE('',#2204);
#2206=CARTESIAN_POINT('',(-122.454482672,-110.232050808,0.));
#2207=VERTEX_POINT('',#2206);
#2208=CARTESIAN_POINT('',(-122.454482672,-110.232050808,0.));
#2209=DIRECTION('',(-0.5,0.866025404,0.));
#2210=VECTOR('',#2209,29.);
#2211=LINE('',#2208,#2210);
#2212=EDGE_CURVE('',#2207,#2182,#2211,.T.);
#2213=ORIENTED_EDGE('',*,*,#2212,.F.);
#2214=CARTESIAN_POINT('',(-122.454482672,-110.232050808,15.));
#2215=DIRECTION('',(0.,0.,-1.));
#2216=VECTOR('',#2215,15.);
#2217=LINE('',#2214,#2216);
#2218=EDGE_CURVE('',#1259,#2207,#2217,.T.);
#2219=ORIENTED_EDGE('',*,*,#2218,.F.);
#2220=ORIENTED_EDGE('',*,*,#1264,.T.);
#2221=ORIENTED_EDGE('',*,*,#2194,.T.);
#2222=EDGE_LOOP('',(#2213,#2219,#2220,#2221));
#2223=FACE_BOUND('',#2222,.T.);
#2224=ADVANCED_FACE('',(#2223),#2205,.T.);
#2225=CARTESIAN_POINT('',(-106.464101615,-101.,15.));
#2226=DIRECTION('',(0.5,-0.866025404,0.));
#2227=DIRECTION('',(0.866025404,0.5,0.));
#2228=AXIS2_PLACEMENT_3D('',#2225,#2226,#2227);
#2229=PLANE('',#2228);
#2230=CARTESIAN_POINT('',(-106.464101615,-101.,0.));
#2231=VERTEX_POINT('',#2230);
#2232=CARTESIAN_POINT('',(-106.464101615,-101.,0.));
#2233=DIRECTION('',(-0.866025404,-0.5,0.));
#2234=VECTOR('',#2233,18.464101615);
#2235=LINE('',#2232,#2234);
#2236=EDGE_CURVE('',#2231,#2207,#2235,.T.);
#2237=ORIENTED_EDGE('',*,*,#2236,.F.);
#2238=CARTESIAN_POINT('',(-106.464101615,-101.,15.));
#2239=DIRECTION('',(0.,0.,-1.));
#2240=VECTOR('',#2239,15.);
#2241=LINE('',#2238,#2240);
#2242=EDGE_CURVE('',#1267,#2231,#2241,.T.);
#2243=ORIENTED_EDGE('',*,*,#2242,.F.);
#2244=ORIENTED_EDGE('',*,*,#1272,.T.);
#2245=ORIENTED_EDGE('',*,*,#2218,.T.);
#2246=EDGE_LOOP('',(#2237,#2243,#2244,#2245));
#2247=FACE_BOUND('',#2246,.T.);
#2248=ADVANCED_FACE('',(#2247),#2229,.T.);
#2249=CARTESIAN_POINT('',(-45.,-101.,15.));
#2250=DIRECTION('',(0.,-1.,0.));
#2251=DIRECTION('',(0.,0.,-1.));
#2252=AXIS2_PLACEMENT_3D('',#2249,#2250,#2251);
#2253=PLANE('',#2252);
#2254=CARTESIAN_POINT('',(-46.,-101.,0.));
#2255=VERTEX_POINT('',#2254);
#2256=CARTESIAN_POINT('',(-46.,-101.,0.));
#2257=DIRECTION('',(-1.,0.,0.));
#2258=VECTOR('',#2257,60.464101615);
#2259=LINE('',#2256,#2258);
#2260=EDGE_CURVE('',#2255,#2231,#2259,.T.);
#2261=ORIENTED_EDGE('',*,*,#2260,.F.);
#2262=CARTESIAN_POINT('',(-46.,-101.,0.));
#2263=DIRECTION('',(-0.,-0.,1.));
#2264=VECTOR('',#2263,15.);
#2265=LINE('',#2262,#2264);
#2266=EDGE_CURVE('',#2255,#1275,#2265,.T.);
#2267=ORIENTED_EDGE('',*,*,#2266,.T.);
#2268=ORIENTED_EDGE('',*,*,#1280,.T.);
#2269=ORIENTED_EDGE('',*,*,#2242,.T.);
#2270=EDGE_LOOP('',(#2261,#2267,#2268,#2269));
#2271=FACE_BOUND('',#2270,.T.);
#2272=ADVANCED_FACE('',(#2271),#2253,.T.);
#2273=CARTESIAN_POINT('',(-45.,-87.925235814,15.));
#2274=DIRECTION('',(1.,0.,0.));
#2275=DIRECTION('',(0.,0.,-1.));
#2276=AXIS2_PLACEMENT_3D('',#2273,#2274,#2275);
#2277=PLANE('',#2276);
#2278=ORIENTED_EDGE('',*,*,#1297,.T.);
#2279=CARTESIAN_POINT('',(-45.,-100.,0.));
#2280=VERTEX_POINT('',#2279);
#2281=CARTESIAN_POINT('',(-45.,-100.,15.));
#2282=DIRECTION('',(0.,0.,-1.));
#2283=VECTOR('',#2282,15.);
#2284=LINE('',#2281,#2283);
#2285=EDGE_CURVE('',#1283,#2280,#2284,.T.);
#2286=ORIENTED_EDGE('',*,*,#2285,.T.);
#2287=CARTESIAN_POINT('',(-45.,-87.925235814,0.));
#2288=VERTEX_POINT('',#2287);
#2289=CARTESIAN_POINT('',(-45.,-87.925235814,0.));
#2290=DIRECTION('',(0.,-1.,0.));
#2291=VECTOR('',#2290,12.074764186);
#2292=LINE('',#2289,#2291);
#2293=EDGE_CURVE('',#2288,#2280,#2292,.T.);
#2294=ORIENTED_EDGE('',*,*,#2293,.F.);
#2295=CARTESIAN_POINT('',(-45.,-87.925235814,15.));
#2296=DIRECTION('',(0.,0.,-1.));
#2297=VECTOR('',#2296,15.);
#2298=LINE('',#2295,#2297);
#2299=EDGE_CURVE('',#1292,#2288,#2298,.T.);
#2300=ORIENTED_EDGE('',*,*,#2299,.F.);
#2301=EDGE_LOOP('',(#2278,#2286,#2294,#2300));
#2302=FACE_BOUND('',#2301,.T.);
#2303=ADVANCED_FACE('',(#2302),#2277,.T.);
#2304=CARTESIAN_POINT('',(-43.074764186,-87.925235814,15.));
#2305=DIRECTION('',(0.,0.,-1.));
#2306=DIRECTION('',(-1.,0.,0.));
#2307=AXIS2_PLACEMENT_3D('',#2304,#2305,#2306);
#2308=CYLINDRICAL_SURFACE('',#2307,1.925235814);
#2309=CARTESIAN_POINT('',(-43.074764186,-86.,0.));
#2310=VERTEX_POINT('',#2309);
#2311=CARTESIAN_POINT('',(-43.074764186,-87.925235814,0.));
#2312=DIRECTION('',(0.,0.,1.));
#2313=DIRECTION('',(-1.,0.,0.));
#2314=AXIS2_PLACEMENT_3D('',#2311,#2312,#2313);
#2315=CIRCLE('',#2314,1.925235814);
#2316=EDGE_CURVE('',#2310,#2288,#2315,.T.);
#2317=ORIENTED_EDGE('',*,*,#2316,.F.);
#2318=CARTESIAN_POINT('',(-43.074764186,-86.,15.));
#2319=DIRECTION('',(0.,0.,-1.));
#2320=VECTOR('',#2319,15.);
#2321=LINE('',#2318,#2320);
#2322=EDGE_CURVE('',#1300,#2310,#2321,.T.);
#2323=ORIENTED_EDGE('',*,*,#2322,.F.);
#2324=ORIENTED_EDGE('',*,*,#1306,.T.);
#2325=ORIENTED_EDGE('',*,*,#2299,.T.);
#2326=EDGE_LOOP('',(#2317,#2323,#2324,#2325));
#2327=FACE_BOUND('',#2326,.T.);
#2328=ADVANCED_FACE('',(#2327),#2308,.F.);
#2329=CARTESIAN_POINT('',(2.,-86.,15.));
#2330=DIRECTION('',(0.,-1.,0.));
#2331=DIRECTION('',(0.,0.,-1.));
#2332=AXIS2_PLACEMENT_3D('',#2329,#2330,#2331);
#2333=PLANE('',#2332);
#2334=CARTESIAN_POINT('',(1.,-86.,0.));
#2335=VERTEX_POINT('',#2334);
#2336=CARTESIAN_POINT('',(1.,-86.,0.));
#2337=DIRECTION('',(-1.,0.,0.));
#2338=VECTOR('',#2337,44.074764186);
#2339=LINE('',#2336,#2338);
#2340=EDGE_CURVE('',#2335,#2310,#2339,.T.);
#2341=ORIENTED_EDGE('',*,*,#2340,.F.);
#2342=CARTESIAN_POINT('',(1.,-86.,0.));
#2343=DIRECTION('',(-0.,-0.,1.));
#2344=VECTOR('',#2343,15.);
#2345=LINE('',#2342,#2344);
#2346=EDGE_CURVE('',#2335,#1309,#2345,.T.);
#2347=ORIENTED_EDGE('',*,*,#2346,.T.);
#2348=ORIENTED_EDGE('',*,*,#1314,.T.);
#2349=ORIENTED_EDGE('',*,*,#2322,.T.);
#2350=EDGE_LOOP('',(#2341,#2347,#2348,#2349));
#2351=FACE_BOUND('',#2350,.T.);
#2352=ADVANCED_FACE('',(#2351),#2333,.T.);
#2353=CARTESIAN_POINT('',(2.,-6.,15.));
#2354=DIRECTION('',(1.,0.,0.));
#2355=DIRECTION('',(-0.,1.,0.));
#2356=AXIS2_PLACEMENT_3D('',#2353,#2354,#2355);
#2357=PLANE('',#2356);
#2358=CARTESIAN_POINT('',(2.,-6.023273479,0.));
#2359=VERTEX_POINT('',#2358);
#2360=CARTESIAN_POINT('',(2.,-85.,0.));
#2361=VERTEX_POINT('',#2360);
#2362=CARTESIAN_POINT('',(2.,-6.023273479,0.));
#2363=DIRECTION('',(0.,-1.,0.));
#2364=VECTOR('',#2363,78.976726521);
#2365=LINE('',#2362,#2364);
#2366=EDGE_CURVE('',#2359,#2361,#2365,.T.);
#2367=ORIENTED_EDGE('',*,*,#2366,.F.);
#2368=CARTESIAN_POINT('',(2.,-6.023273479,0.));
#2369=DIRECTION('',(0.,0.,1.));
#2370=VECTOR('',#2369,15.);
#2371=LINE('',#2368,#2370);
#2372=EDGE_CURVE('',#2359,#1326,#2371,.T.);
#2373=ORIENTED_EDGE('',*,*,#2372,.T.);
#2374=ORIENTED_EDGE('',*,*,#1331,.T.);
#2375=CARTESIAN_POINT('',(2.,-85.,15.));
#2376=DIRECTION('',(0.,0.,-1.));
#2377=VECTOR('',#2376,15.);
#2378=LINE('',#2375,#2377);
#2379=EDGE_CURVE('',#1317,#2361,#2378,.T.);
#2380=ORIENTED_EDGE('',*,*,#2379,.T.);
#2381=EDGE_LOOP('',(#2367,#2373,#2374,#2380));
#2382=FACE_BOUND('',#2381,.T.);
#2383=ADVANCED_FACE('',(#2382),#2357,.T.);
#2384=CARTESIAN_POINT('',(-53.,0.,15.));
#2385=CARTESIAN_POINT('',(-53.,0.,0.));
#2386=CARTESIAN_POINT('',(-3.594071643,-0.779507179,15.));
#2387=CARTESIAN_POINT('',(-3.594071643,-0.779507179,0.));
#2388=CARTESIAN_POINT('',(-0.180599248,-5.658954117,15.));
#2389=CARTESIAN_POINT('',(-0.180599248,-5.658954117,0.));
#2390=B_SPLINE_SURFACE_WITH_KNOTS('',2,1,((#2384,#2385),(#2386,#2387),(#2388,#2389)),.UNSPECIFIED.,.F.,.F.,.U.,(3,3),(2,2),(0.,0.966698566),(0.,1.),.UNSPECIFIED.);
#2391=CARTESIAN_POINT('',(-0.180599248,-5.658954117,0.));
#2392=VERTEX_POINT('',#2391);
#2393=CARTESIAN_POINT('',(-53.,0.,0.));
#2394=CARTESIAN_POINT('',(-3.594074604,-0.779507132,0.));
#2395=CARTESIAN_POINT('',(-0.180599657,-5.658953532,0.));
#2396=B_SPLINE_CURVE_WITH_KNOTS('',2,(#2393,#2394,#2395),.UNSPECIFIED.,.F.,.F.,(3,3),(0.,0.966698508),.UNSPECIFIED.);
#2397=EDGE_CURVE('',#1586,#2392,#2396,.T.);
#2398=ORIENTED_EDGE('',*,*,#2397,.T.);
#2399=CARTESIAN_POINT('',(-0.180599248,-5.658954117,0.));
#2400=DIRECTION('',(-0.,-0.,1.));
#2401=VECTOR('',#2400,15.);
#2402=LINE('',#2399,#2401);
#2403=EDGE_CURVE('',#2392,#1377,#2402,.T.);
#2404=ORIENTED_EDGE('',*,*,#2403,.T.);
#2405=ORIENTED_EDGE('',*,*,#1382,.F.);
#2406=ORIENTED_EDGE('',*,*,#1597,.T.);
#2407=EDGE_LOOP('',(#2398,#2404,#2405,#2406));
#2408=FACE_BOUND('',#2407,.T.);
#2409=ADVANCED_FACE('',(#2408),#2390,.F.);
#2410=CARTESIAN_POINT('',(0.,0.,0.));
#2411=DIRECTION('',(0.,0.,1.));
#2412=DIRECTION('',(-1.,0.,0.));
#2413=AXIS2_PLACEMENT_3D('',#2410,#2411,#2412);
#2414=PLANE('',#2413);
#2415=ORIENTED_EDGE('',*,*,#2366,.T.);
#2416=CARTESIAN_POINT('',(1.,-85.,0.));
#2417=DIRECTION('',(-0.,-0.,-1.));
#2418=DIRECTION('',(1.,0.,-0.));
#2419=AXIS2_PLACEMENT_3D('',#2416,#2417,#2418);
#2420=CIRCLE('',#2419,1.);
#2421=EDGE_CURVE('',#2361,#2335,#2420,.T.);
#2422=ORIENTED_EDGE('',*,*,#2421,.T.);
#2423=ORIENTED_EDGE('',*,*,#2340,.T.);
#2424=ORIENTED_EDGE('',*,*,#2316,.T.);
#2425=ORIENTED_EDGE('',*,*,#2293,.T.);
#2426=CARTESIAN_POINT('',(-46.,-100.,0.));
#2427=DIRECTION('',(-0.,-0.,-1.));
#2428=DIRECTION('',(1.,0.,-0.));
#2429=AXIS2_PLACEMENT_3D('',#2426,#2427,#2428);
#2430=CIRCLE('',#2429,1.);
#2431=EDGE_CURVE('',#2280,#2255,#2430,.T.);
#2432=ORIENTED_EDGE('',*,*,#2431,.T.);
#2433=ORIENTED_EDGE('',*,*,#2260,.T.);
#2434=ORIENTED_EDGE('',*,*,#2236,.T.);
#2435=ORIENTED_EDGE('',*,*,#2212,.T.);
#2436=ORIENTED_EDGE('',*,*,#2188,.T.);
#2437=ORIENTED_EDGE('',*,*,#2165,.T.);
#2438=CARTESIAN_POINT('',(-144.,1.,0.));
#2439=DIRECTION('',(-0.,-0.,-1.));
#2440=DIRECTION('',(1.,0.,-0.));
#2441=AXIS2_PLACEMENT_3D('',#2438,#2439,#2440);
#2442=CIRCLE('',#2441,1.);
#2443=EDGE_CURVE('',#2152,#1673,#2442,.T.);
#2444=ORIENTED_EDGE('',*,*,#2443,.T.);
#2445=ORIENTED_EDGE('',*,*,#1678,.T.);
#2446=ORIENTED_EDGE('',*,*,#2116,.T.);
#2447=CARTESIAN_POINT('',(3.,-6.023273479,0.));
#2448=DIRECTION('',(0.,0.,1.));
#2449=DIRECTION('',(1.,0.,-0.));
#2450=AXIS2_PLACEMENT_3D('',#2447,#2448,#2449);
#2451=CIRCLE('',#2450,1.);
#2452=EDGE_CURVE('',#2104,#2359,#2451,.T.);
#2453=ORIENTED_EDGE('',*,*,#2452,.T.);
#2454=EDGE_LOOP('',(#2415,#2422,#2423,#2424,#2425,#2432,#2433,#2434,#2435,#2436,#2437,#2444,#2445,#2446,#2453));
#2455=FACE_BOUND('',#2454,.T.);
#2456=ORIENTED_EDGE('',*,*,#1844,.F.);
#2457=CARTESIAN_POINT('',(-1.,-6.232175198,0.));
#2458=DIRECTION('',(0.,0.,1.));
#2459=DIRECTION('',(1.,0.,-0.));
#2460=AXIS2_PLACEMENT_3D('',#2457,#2458,#2459);
#2461=CIRCLE('',#2460,1.);
#2462=EDGE_CURVE('',#1831,#2392,#2461,.T.);
#2463=ORIENTED_EDGE('',*,*,#2462,.T.);
#2464=ORIENTED_EDGE('',*,*,#2397,.F.);
#2465=ORIENTED_EDGE('',*,*,#1591,.F.);
#2466=ORIENTED_EDGE('',*,*,#1716,.T.);
#2467=ORIENTED_EDGE('',*,*,#2073,.F.);
#2468=ORIENTED_EDGE('',*,*,#2026,.F.);
#2469=ORIENTED_EDGE('',*,*,#2001,.F.);
#2470=ORIENTED_EDGE('',*,*,#1977,.F.);
#2471=ORIENTED_EDGE('',*,*,#1955,.F.);
#2472=CARTESIAN_POINT('',(-48.,-98.,0.));
#2473=DIRECTION('',(0.,0.,1.));
#2474=DIRECTION('',(1.,0.,-0.));
#2475=AXIS2_PLACEMENT_3D('',#2472,#2473,#2474);
#2476=CIRCLE('',#2475,1.);
#2477=EDGE_CURVE('',#1942,#1917,#2476,.T.);
#2478=ORIENTED_EDGE('',*,*,#2477,.T.);
#2479=ORIENTED_EDGE('',*,*,#1922,.F.);
#2480=ORIENTED_EDGE('',*,*,#1898,.F.);
#2481=ORIENTED_EDGE('',*,*,#1875,.F.);
#2482=CARTESIAN_POINT('',(-1.,-83.,0.));
#2483=DIRECTION('',(0.,0.,1.));
#2484=DIRECTION('',(1.,0.,-0.));
#2485=AXIS2_PLACEMENT_3D('',#2482,#2483,#2484);
#2486=CIRCLE('',#2485,1.);
#2487=EDGE_CURVE('',#1862,#1839,#2486,.T.);
#2488=ORIENTED_EDGE('',*,*,#2487,.T.);
#2489=EDGE_LOOP('',(#2456,#2463,#2464,#2465,#2466,#2467,#2468,#2469,#2470,#2471,#2478,#2479,#2480,#2481,#2488));
#2490=FACE_BOUND('',#2489,.T.);
#2491=ADVANCED_FACE('',(#2455,#2490),#2414,.F.);
#2492=CARTESIAN_POINT('',(-1.,-6.232175198,7.5));
#2493=DIRECTION('',(0.,0.,-1.));
#2494=DIRECTION('',(-1.,0.,0.));
#2495=AXIS2_PLACEMENT_3D('',#2492,#2493,#2494);
#2496=CYLINDRICAL_SURFACE('',#2495,1.);
#2497=ORIENTED_EDGE('',*,*,#1391,.F.);
#2498=ORIENTED_EDGE('',*,*,#2403,.F.);
#2499=ORIENTED_EDGE('',*,*,#2462,.F.);
#2500=ORIENTED_EDGE('',*,*,#1836,.F.);
#2501=EDGE_LOOP('',(#2497,#2498,#2499,#2500));
#2502=FACE_BOUND('',#2501,.T.);
#2503=ADVANCED_FACE('',(#2502),#2496,.F.);
#2504=CARTESIAN_POINT('',(-48.,-98.,15.));
#2505=DIRECTION('',(0.,0.,1.));
#2506=DIRECTION('',(1.,0.,-0.));
#2507=AXIS2_PLACEMENT_3D('',#2504,#2505,#2506);
#2508=CYLINDRICAL_SURFACE('',#2507,1.);
#2509=ORIENTED_EDGE('',*,*,#1442,.F.);
#2510=ORIENTED_EDGE('',*,*,#1928,.F.);
#2511=ORIENTED_EDGE('',*,*,#2477,.F.);
#2512=ORIENTED_EDGE('',*,*,#1947,.F.);
#2513=EDGE_LOOP('',(#2509,#2510,#2511,#2512));
#2514=FACE_BOUND('',#2513,.T.);
#2515=ADVANCED_FACE('',(#2514),#2508,.F.);
#2516=CARTESIAN_POINT('',(-1.,-83.,15.));
#2517=DIRECTION('',(0.,0.,1.));
#2518=DIRECTION('',(1.,0.,-0.));
#2519=AXIS2_PLACEMENT_3D('',#2516,#2517,#2518);
#2520=CYLINDRICAL_SURFACE('',#2519,1.);
#2521=ORIENTED_EDGE('',*,*,#1408,.F.);
#2522=ORIENTED_EDGE('',*,*,#1850,.F.);
#2523=ORIENTED_EDGE('',*,*,#2487,.F.);
#2524=ORIENTED_EDGE('',*,*,#1867,.F.);
#2525=EDGE_LOOP('',(#2521,#2522,#2523,#2524));
#2526=FACE_BOUND('',#2525,.T.);
#2527=ADVANCED_FACE('',(#2526),#2520,.F.);
#2528=CARTESIAN_POINT('',(3.,-6.023273479,7.5));
#2529=DIRECTION('',(0.,0.,-1.));
#2530=DIRECTION('',(-1.,0.,0.));
#2531=AXIS2_PLACEMENT_3D('',#2528,#2529,#2530);
#2532=CYLINDRICAL_SURFACE('',#2531,1.);
#2533=ORIENTED_EDGE('',*,*,#1340,.F.);
#2534=ORIENTED_EDGE('',*,*,#2372,.F.);
#2535=ORIENTED_EDGE('',*,*,#2452,.F.);
#2536=ORIENTED_EDGE('',*,*,#2109,.F.);
#2537=EDGE_LOOP('',(#2533,#2534,#2535,#2536));
#2538=FACE_BOUND('',#2537,.T.);
#2539=ADVANCED_FACE('',(#2538),#2532,.F.);
#2540=CARTESIAN_POINT('',(1.,-85.,15.));
#2541=DIRECTION('',(0.,0.,-1.));
#2542=DIRECTION('',(-1.,0.,0.));
#2543=AXIS2_PLACEMENT_3D('',#2540,#2541,#2542);
#2544=CYLINDRICAL_SURFACE('',#2543,1.);
#2545=ORIENTED_EDGE('',*,*,#1323,.F.);
#2546=ORIENTED_EDGE('',*,*,#2346,.F.);
#2547=ORIENTED_EDGE('',*,*,#2421,.F.);
#2548=ORIENTED_EDGE('',*,*,#2379,.F.);
#2549=EDGE_LOOP('',(#2545,#2546,#2547,#2548));
#2550=FACE_BOUND('',#2549,.T.);
#2551=ADVANCED_FACE('',(#2550),#2544,.T.);
#2552=CARTESIAN_POINT('',(-144.,1.,15.));
#2553=DIRECTION('',(0.,0.,-1.));
#2554=DIRECTION('',(-1.,0.,0.));
#2555=AXIS2_PLACEMENT_3D('',#2552,#2553,#2554);
#2556=CYLINDRICAL_SURFACE('',#2555,1.);
#2557=ORIENTED_EDGE('',*,*,#1540,.F.);
#2558=CARTESIAN_POINT('',(-144.,2.,10.5));
#2559=DIRECTION('',(-0.,-0.,1.));
#2560=VECTOR('',#2559,4.5);
#2561=LINE('',#2558,#2560);
#2562=EDGE_CURVE('',#1648,#1527,#2561,.T.);
#2563=ORIENTED_EDGE('',*,*,#2562,.F.);
#2564=ORIENTED_EDGE('',*,*,#1684,.F.);
#2565=ORIENTED_EDGE('',*,*,#2443,.F.);
#2566=ORIENTED_EDGE('',*,*,#2157,.F.);
#2567=EDGE_LOOP('',(#2557,#2563,#2564,#2565,#2566));
#2568=FACE_BOUND('',#2567,.T.);
#2569=ADVANCED_FACE('',(#2568),#2556,.T.);
#2570=CARTESIAN_POINT('',(-46.,-100.,15.));
#2571=DIRECTION('',(0.,0.,-1.));
#2572=DIRECTION('',(-1.,0.,0.));
#2573=AXIS2_PLACEMENT_3D('',#2570,#2571,#2572);
#2574=CYLINDRICAL_SURFACE('',#2573,1.);
#2575=ORIENTED_EDGE('',*,*,#1289,.F.);
#2576=ORIENTED_EDGE('',*,*,#2266,.F.);
#2577=ORIENTED_EDGE('',*,*,#2431,.F.);
#2578=ORIENTED_EDGE('',*,*,#2285,.F.);
#2579=EDGE_LOOP('',(#2575,#2576,#2577,#2578));
#2580=FACE_BOUND('',#2579,.T.);
#2581=ADVANCED_FACE('',(#2580),#2574,.T.);
#2582=CARTESIAN_POINT('',(-71.498174268,-54.116025404,1.5));
#2583=DIRECTION('',(0.,0.,1.));
#2584=DIRECTION('',(1.,0.,0.));
#2585=AXIS2_PLACEMENT_3D('',#2582,#2583,#2584);
#2586=PLANE('',#2585);
#2587=ORIENTED_EDGE('',*,*,#1775,.F.);
#2588=ORIENTED_EDGE('',*,*,#1819,.F.);
#2589=ORIENTED_EDGE('',*,*,#1637,.F.);
#2590=ORIENTED_EDGE('',*,*,#1797,.F.);
#2591=EDGE_LOOP('',(#2587,#2588,#2589,#2590));
#2592=FACE_BOUND('',#2591,.T.);
#2593=ADVANCED_FACE('',(#2592),#2586,.T.);
#2594=CARTESIAN_POINT('',(-143.,-1.,10.5));
#2595=DIRECTION('',(-0.,0.,1.));
#2596=DIRECTION('',(1.,0.,0.));
#2597=AXIS2_PLACEMENT_3D('',#2594,#2595,#2596);
#2598=PLANE('',#2597);
#2599=ORIENTED_EDGE('',*,*,#1575,.T.);
#2600=CARTESIAN_POINT('',(-128.,-0.,10.5));
#2601=DIRECTION('',(-0.,1.,-0.));
#2602=VECTOR('',#2601,1.2);
#2603=LINE('',#2600,#2602);
#2604=EDGE_CURVE('',#1561,#1747,#2603,.T.);
#2605=ORIENTED_EDGE('',*,*,#2604,.T.);
#2606=ORIENTED_EDGE('',*,*,#1752,.F.);
#2607=CARTESIAN_POINT('',(-120.,1.2,10.5));
#2608=DIRECTION('',(-0.,-1.,-0.));
#2609=VECTOR('',#2608,1.2);
#2610=LINE('',#2607,#2609);
#2611=EDGE_CURVE('',#1738,#1609,#2610,.T.);
#2612=ORIENTED_EDGE('',*,*,#2611,.T.);
#2613=ORIENTED_EDGE('',*,*,#1614,.T.);
#2614=CARTESIAN_POINT('',(-116.,-0.,10.5));
#2615=DIRECTION('',(0.,-0.,-1.));
#2616=DIRECTION('',(1.,0.,0.));
#2617=AXIS2_PLACEMENT_3D('',#2614,#2615,#2616);
#2618=CIRCLE('',#2617,2.);
#2619=EDGE_CURVE('',#1601,#1650,#2618,.T.);
#2620=ORIENTED_EDGE('',*,*,#2619,.T.);
#2621=ORIENTED_EDGE('',*,*,#1655,.F.);
#2622=CARTESIAN_POINT('',(-144.,1.,10.5));
#2623=DIRECTION('',(0.,-0.,-1.));
#2624=DIRECTION('',(1.,0.,0.));
#2625=AXIS2_PLACEMENT_3D('',#2622,#2623,#2624);
#2626=CIRCLE('',#2625,1.);
#2627=EDGE_CURVE('',#1648,#2077,#2626,.T.);
#2628=ORIENTED_EDGE('',*,*,#2627,.T.);
#2629=ORIENTED_EDGE('',*,*,#2082,.F.);
#2630=ORIENTED_EDGE('',*,*,#1701,.T.);
#2631=EDGE_LOOP('',(#2599,#2605,#2606,#2612,#2613,#2620,#2621,#2628,#2629,#2630));
#2632=FACE_BOUND('',#2631,.T.);
#2633=ADVANCED_FACE('',(#2632),#2598,.T.);
#2634=CARTESIAN_POINT('',(-144.,1.,15.));
#2635=DIRECTION('',(0.,0.,1.));
#2636=DIRECTION('',(1.,0.,-0.));
#2637=AXIS2_PLACEMENT_3D('',#2634,#2635,#2636);
#2638=CYLINDRICAL_SURFACE('',#2637,1.);
#2639=ORIENTED_EDGE('',*,*,#1533,.F.);
#2640=ORIENTED_EDGE('',*,*,#2088,.F.);
#2641=ORIENTED_EDGE('',*,*,#2627,.F.);
#2642=ORIENTED_EDGE('',*,*,#2562,.T.);
#2643=EDGE_LOOP('',(#2639,#2640,#2641,#2642));
#2644=FACE_BOUND('',#2643,.T.);
#2645=ADVANCED_FACE('',(#2644),#2638,.T.);
#2646=CARTESIAN_POINT('',(-116.,-0.,15.));
#2647=DIRECTION('',(-0.,0.,1.));
#2648=DIRECTION('',(1.,0.,0.));
#2649=AXIS2_PLACEMENT_3D('',#2646,#2647,#2648);
#2650=CYLINDRICAL_SURFACE('',#2649,2.);
#2651=ORIENTED_EDGE('',*,*,#2619,.F.);
#2652=ORIENTED_EDGE('',*,*,#1606,.T.);
#2653=ORIENTED_EDGE('',*,*,#1366,.F.);
#2654=ORIENTED_EDGE('',*,*,#1661,.F.);
#2655=EDGE_LOOP('',(#2651,#2652,#2653,#2654));
#2656=FACE_BOUND('',#2655,.T.);
#2657=ADVANCED_FACE('',(#2656),#2650,.T.);
#2658=CARTESIAN_POINT('',(-128.,0.,8.5));
#2659=DIRECTION('',(0.,-1.,0.));
#2660=DIRECTION('',(0.,0.,-1.));
#2661=AXIS2_PLACEMENT_3D('',#2658,#2659,#2660);
#2662=CYLINDRICAL_SURFACE('',#2661,2.);
#2663=ORIENTED_EDGE('',*,*,#1761,.F.);
#2664=ORIENTED_EDGE('',*,*,#2604,.F.);
#2665=ORIENTED_EDGE('',*,*,#1567,.F.);
#2666=ORIENTED_EDGE('',*,*,#1812,.F.);
#2667=EDGE_LOOP('',(#2663,#2664,#2665,#2666));
#2668=FACE_BOUND('',#2667,.T.);
#2669=ADVANCED_FACE('',(#2668),#2662,.T.);
#2670=CARTESIAN_POINT('',(-120.,1.2,8.5));
#2671=DIRECTION('',(0.,1.,0.));
#2672=DIRECTION('',(0.,-0.,1.));
#2673=AXIS2_PLACEMENT_3D('',#2670,#2671,#2672);
#2674=CYLINDRICAL_SURFACE('',#2673,2.);
#2675=ORIENTED_EDGE('',*,*,#1623,.F.);
#2676=ORIENTED_EDGE('',*,*,#2611,.F.);
#2677=ORIENTED_EDGE('',*,*,#1744,.F.);
#2678=ORIENTED_EDGE('',*,*,#1790,.F.);
#2679=EDGE_LOOP('',(#2675,#2676,#2677,#2678));
#2680=FACE_BOUND('',#2679,.T.);
#2681=ADVANCED_FACE('',(#2680),#2674,.T.);
#2682=CARTESIAN_POINT('',(-135.,-28.,15.));
#2683=DIRECTION('',(0.,1.,0.));
#2684=DIRECTION('',(0.,-0.,1.));
#2685=AXIS2_PLACEMENT_3D('',#2682,#2683,#2684);
#2686=PLANE('',#2685);
#2687=ORIENTED_EDGE('',*,*,#1516,.T.);
#2688=CARTESIAN_POINT('',(-144.,-28.,13.));
#2689=VERTEX_POINT('',#2688);
#2690=CARTESIAN_POINT('',(-144.,-28.,15.));
#2691=DIRECTION('',(0.,0.,-1.));
#2692=VECTOR('',#2691,2.);
#2693=LINE('',#2690,#2692);
#2694=EDGE_CURVE('',#1502,#2689,#2693,.T.);
#2695=ORIENTED_EDGE('',*,*,#2694,.T.);
#2696=CARTESIAN_POINT('',(-143.,-28.,13.));
#2697=DIRECTION('',(-1.,0.,0.));
#2698=VECTOR('',#2697,1.);
#2699=LINE('',#2696,#2698);
#2700=EDGE_CURVE('',#2046,#2689,#2699,.T.);
#2701=ORIENTED_EDGE('',*,*,#2700,.F.);
#2702=ORIENTED_EDGE('',*,*,#2051,.F.);
#2703=EDGE_LOOP('',(#2687,#2695,#2701,#2702));
#2704=FACE_BOUND('',#2703,.T.);
#2705=ADVANCED_FACE('',(#2704),#2686,.F.);
#2706=CARTESIAN_POINT('',(-135.,-34.,13.));
#2707=DIRECTION('',(0.,-1.,-0.));
#2708=DIRECTION('',(0.,0.,-1.));
#2709=AXIS2_PLACEMENT_3D('',#2706,#2707,#2708);
#2710=PLANE('',#2709);
#2711=CARTESIAN_POINT('',(-144.,-34.,13.));
#2712=VERTEX_POINT('',#2711);
#2713=CARTESIAN_POINT('',(-143.,-34.,13.));
#2714=DIRECTION('',(-1.,0.,0.));
#2715=VECTOR('',#2714,1.);
#2716=LINE('',#2713,#2715);
#2717=EDGE_CURVE('',#2054,#2712,#2716,.T.);
#2718=ORIENTED_EDGE('',*,*,#2717,.T.);
#2719=CARTESIAN_POINT('',(-144.,-34.,13.));
#2720=DIRECTION('',(0.,-0.,1.));
#2721=VECTOR('',#2720,2.);
#2722=LINE('',#2719,#2721);
#2723=EDGE_CURVE('',#2712,#1225,#2722,.T.);
#2724=ORIENTED_EDGE('',*,*,#2723,.T.);
#2725=ORIENTED_EDGE('',*,*,#1230,.F.);
#2726=ORIENTED_EDGE('',*,*,#2065,.F.);
#2727=EDGE_LOOP('',(#2718,#2724,#2725,#2726));
#2728=FACE_BOUND('',#2727,.T.);
#2729=ADVANCED_FACE('',(#2728),#2710,.F.);
#2730=CARTESIAN_POINT('',(-135.,-28.,13.));
#2731=DIRECTION('',(0.,-0.,-1.));
#2732=DIRECTION('',(0.,1.,-0.));
#2733=AXIS2_PLACEMENT_3D('',#2730,#2731,#2732);
#2734=PLANE('',#2733);
#2735=ORIENTED_EDGE('',*,*,#2700,.T.);
#2736=CARTESIAN_POINT('',(-144.,-27.,13.));
#2737=DIRECTION('',(0.,-0.,-1.));
#2738=DIRECTION('',(0.,1.,-0.));
#2739=AXIS2_PLACEMENT_3D('',#2736,#2737,#2738);
#2740=CIRCLE('',#2739,1.);
#2741=EDGE_CURVE('',#2689,#2137,#2740,.T.);
#2742=ORIENTED_EDGE('',*,*,#2741,.T.);
#2743=ORIENTED_EDGE('',*,*,#2142,.T.);
#2744=CARTESIAN_POINT('',(-144.,-35.,13.));
#2745=DIRECTION('',(0.,-0.,-1.));
#2746=DIRECTION('',(0.,1.,-0.));
#2747=AXIS2_PLACEMENT_3D('',#2744,#2745,#2746);
#2748=CIRCLE('',#2747,1.);
#2749=EDGE_CURVE('',#2129,#2712,#2748,.T.);
#2750=ORIENTED_EDGE('',*,*,#2749,.T.);
#2751=ORIENTED_EDGE('',*,*,#2717,.F.);
#2752=ORIENTED_EDGE('',*,*,#2059,.F.);
#2753=EDGE_LOOP('',(#2735,#2742,#2743,#2750,#2751,#2752));
#2754=FACE_BOUND('',#2753,.T.);
#2755=ADVANCED_FACE('',(#2754),#2734,.F.);
#2756=CARTESIAN_POINT('',(-144.,-35.,13.));
#2757=DIRECTION('',(0.,0.,-1.));
#2758=DIRECTION('',(0.,1.,0.));
#2759=AXIS2_PLACEMENT_3D('',#2756,#2757,#2758);
#2760=CYLINDRICAL_SURFACE('',#2759,1.);
#2761=ORIENTED_EDGE('',*,*,#2749,.F.);
#2762=ORIENTED_EDGE('',*,*,#2134,.F.);
#2763=ORIENTED_EDGE('',*,*,#1239,.F.);
#2764=ORIENTED_EDGE('',*,*,#2723,.F.);
#2765=EDGE_LOOP('',(#2761,#2762,#2763,#2764));
#2766=FACE_BOUND('',#2765,.T.);
#2767=ADVANCED_FACE('',(#2766),#2760,.T.);
#2768=CARTESIAN_POINT('',(-144.,-27.,15.));
#2769=DIRECTION('',(0.,-0.,1.));
#2770=DIRECTION('',(0.,-1.,-0.));
#2771=AXIS2_PLACEMENT_3D('',#2768,#2769,#2770);
#2772=CYLINDRICAL_SURFACE('',#2771,1.);
#2773=ORIENTED_EDGE('',*,*,#1508,.F.);
#2774=ORIENTED_EDGE('',*,*,#2148,.F.);
#2775=ORIENTED_EDGE('',*,*,#2741,.F.);
#2776=ORIENTED_EDGE('',*,*,#2694,.F.);
#2777=EDGE_LOOP('',(#2773,#2774,#2775,#2776));
#2778=FACE_BOUND('',#2777,.T.);
#2779=ADVANCED_FACE('',(#2778),#2772,.T.);
#2780=CLOSED_SHELL('',(#1485,#1544,#1641,#1688,#1721,#1779,#1801,#1823,#1854,#1885,#1910,#1934,#1965,#1989,#2013,#2038,#2092,#2121,#2175,#2200,#2224,#2248,#2272,#2303,#2328,#2352,
#2383,#2409,#2491,#2503,#2515,#2527,#2539,#2551,#2569,#2581,#2593,#2633,#2645,#2657,#2669,#2681,#2705,#2729,#2755,#2767,#2779));
#2781=MANIFOLD_SOLID_BREP('\X2\04200430043C043A0430\X0\:1',#2780);
#1216=STYLED_ITEM('',(#1215),#2781);
#16=SHAPE_REPRESENTATION('\X2\041A043E0440043F04430441\X0\',(#15),#10);
#17=ADVANCED_BREP_SHAPE_REPRESENTATION('\X2\041A043E0440043F04430441\X0\',(#1208,#2781),#10);
#2789=SHAPE_REPRESENTATION_RELATIONSHIP('','',#16,#17);
#2790=APPLICATION_CONTEXT('data for automotive mechanical design processes');
#2791=APPLICATION_PROTOCOL_DEFINITION('international standard','automotive_design',1994,#2790);
#2792=PRODUCT_CONTEXT('',#2790,'mechanical');
#2793=PRODUCT_DEFINITION_CONTEXT('part definition',#2790,'design');
#24=PRODUCT('\X2\041A043E0440043F04430441\X0\','\X2\041A043E0440043F04430441\X0\','',(#2792));
#2794=PRODUCT_RELATED_PRODUCT_CATEGORY('part','',(#24));
#2795=PRODUCT_DEFINITION_FORMATION_WITH_SPECIFIED_SOURCE('','',#24,.NOT_KNOWN.);
#25=PRODUCT_DEFINITION('design','',#2795,#2793);
#23=PRODUCT_DEFINITION_SHAPE('','',#25);
#2796=SHAPE_DEFINITION_REPRESENTATION(#23,#16);
#11=DRAUGHTING_MODEL('',(),#10);
#1=MECHANICAL_DESIGN_GEOMETRIC_PRESENTATION_REPRESENTATION('',(#26,#1216),#10);
ENDSEC;
END-ISO-10303-21;
