ISO-10303-21;
HEADER;

/* File generated by T-FLEX CAD Version 17.1.6.0 */

FILE_DESCRIPTION(('TFLEX Exchange Step'),'2;1');

FILE_NAME('X2\042704350445043E043B\X0\.stp',                                                                                
'2026-06-01T01:02:54-21:00',
('user'),
('Unknown organisation'),
'TFLEX Exchange 2024.0',
'T-FLEX CAD',
'Unknown authorisation');

FILE_SCHEMA( ('AUTOMOTIVE_DESIGN { 1 0 10303 214 1 1 1 1 }') );

ENDSEC;

DATA;
#3=(NAMED_UNIT(*)PLANE_ANGLE_UNIT()SI_UNIT($,.RADIAN.));
#4=PLANE_ANGLE_MEASURE_WITH_UNIT(PLANE_ANGLE_MEASURE(0.0174532925),#3);
#5=(CONVERSION_BASED_UNIT('DEGREE',#4)NAMED_UNIT(#6)PLANE_ANGLE_UNIT());
#6=DIMENSIONAL_EXPONENTS(0.,0.,0.,0.,0.,0.,0.);
#7=(NAMED_UNIT(*)SI_UNIT($,.STERADIAN.)SOLID_ANGLE_UNIT());
#8=(LENGTH_UNIT()NAMED_UNIT(*)SI_UNIT(.MILLI.,.METRE.));
#9=UNCERTAINTY_MEASURE_WITH_UNIT(LENGTH_MEASURE(1.000000E-05),#8,'DISTANCE_ACCURACY_VALUE','Maximum Tolerance applied to model');
#10=(GEOMETRIC_REPRESENTATION_CONTEXT(3)GLOBAL_UNCERTAINTY_ASSIGNED_CONTEXT((#9))GLOBAL_UNIT_ASSIGNED_CONTEXT((#8,#5,#7))REPRESENTATION_CONTEXT('','\X2\042704350445043E043B\X0\'));
#12=CARTESIAN_POINT('',(0.,0.,0.));
#13=DIRECTION('',(0.,0.,1.));
#14=DIRECTION('',(1.,0.,0.));
#15=AXIS2_PLACEMENT_3D('',#12,#13,#14);
#27=CARTESIAN_POINT('',(-105.794228634,4.5,-10.));
#28=DIRECTION('',(-0.,-1.,0.));
#29=DIRECTION('',(1.,-0.,0.));
#30=AXIS2_PLACEMENT_3D('',#27,#28,#29);
#31=PLANE('',#30);
#32=CARTESIAN_POINT('',(-75.794228634,4.5,-9.));
#33=VERTEX_POINT('',#32);
#34=CARTESIAN_POINT('',(-75.794228634,4.5,49.));
#35=VERTEX_POINT('',#34);
#36=CARTESIAN_POINT('',(-75.794228634,4.5,-9.));
#37=DIRECTION('',(0.,0.,1.));
#38=VECTOR('',#37,58.);
#39=LINE('',#36,#38);
#40=EDGE_CURVE('',#33,#35,#39,.T.);
#41=ORIENTED_EDGE('',*,*,#40,.F.);
#42=CARTESIAN_POINT('',(-105.794228634,4.5,-9.));
#43=VERTEX_POINT('',#42);
#44=CARTESIAN_POINT('',(-75.794228634,4.5,-9.));
#45=DIRECTION('',(-1.,0.,-0.));
#46=VECTOR('',#45,30.);
#47=LINE('',#44,#46);
#48=EDGE_CURVE('',#33,#43,#47,.T.);
#49=ORIENTED_EDGE('',*,*,#48,.T.);
#50=CARTESIAN_POINT('',(-105.794228634,4.5,49.));
#51=VERTEX_POINT('',#50);
#52=CARTESIAN_POINT('',(-105.794228634,4.5,-9.));
#53=DIRECTION('',(0.,0.,1.));
#54=VECTOR('',#53,58.);
#55=LINE('',#52,#54);
#56=EDGE_CURVE('',#43,#51,#55,.T.);
#57=ORIENTED_EDGE('',*,*,#56,.T.);
#58=CARTESIAN_POINT('',(-105.794228634,4.5,49.));
#59=DIRECTION('',(1.,-0.,0.));
#60=VECTOR('',#59,30.);
#61=LINE('',#58,#60);
#62=EDGE_CURVE('',#51,#35,#61,.T.);
#63=ORIENTED_EDGE('',*,*,#62,.T.);
#64=EDGE_LOOP('',(#41,#49,#57,#63));
#65=FACE_BOUND('',#64,.T.);
#66=ADVANCED_FACE('',(#65),#31,.F.);
#67=CARTESIAN_POINT('',(-105.794228634,5.5,-10.));
#68=DIRECTION('',(-1.,-0.,0.));
#69=DIRECTION('',(0.,-1.,0.));
#70=AXIS2_PLACEMENT_3D('',#67,#68,#69);
#71=PLANE('',#70);
#72=CARTESIAN_POINT('',(-105.794228634,5.5,50.));
#73=VERTEX_POINT('',#72);
#74=CARTESIAN_POINT('',(-105.794228634,3.5,50.));
#75=VERTEX_POINT('',#74);
#76=CARTESIAN_POINT('',(-105.794228634,5.5,50.));
#77=DIRECTION('',(0.,-1.,0.));
#78=VECTOR('',#77,2.);
#79=LINE('',#76,#78);
#80=EDGE_CURVE('',#73,#75,#79,.T.);
#81=ORIENTED_EDGE('',*,*,#80,.T.);
#82=CARTESIAN_POINT('',(-105.794228634,3.5,49.));
#83=DIRECTION('',(-1.,-0.,0.));
#84=DIRECTION('',(0.,-1.,0.));
#85=AXIS2_PLACEMENT_3D('',#82,#83,#84);
#86=CIRCLE('',#85,1.);
#87=EDGE_CURVE('',#75,#51,#86,.T.);
#88=ORIENTED_EDGE('',*,*,#87,.T.);
#89=ORIENTED_EDGE('',*,*,#56,.F.);
#90=CARTESIAN_POINT('',(-105.794228634,3.5,-10.));
#91=VERTEX_POINT('',#90);
#92=CARTESIAN_POINT('',(-105.794228634,3.5,-9.));
#93=DIRECTION('',(-1.,-0.,0.));
#94=DIRECTION('',(0.,-1.,0.));
#95=AXIS2_PLACEMENT_3D('',#92,#93,#94);
#96=CIRCLE('',#95,1.);
#97=EDGE_CURVE('',#43,#91,#96,.T.);
#98=ORIENTED_EDGE('',*,*,#97,.T.);
#99=CARTESIAN_POINT('',(-105.794228634,5.5,-10.));
#100=VERTEX_POINT('',#99);
#101=CARTESIAN_POINT('',(-105.794228634,5.5,-10.));
#102=DIRECTION('',(0.,-1.,0.));
#103=VECTOR('',#102,2.);
#104=LINE('',#101,#103);
#105=EDGE_CURVE('',#100,#91,#104,.T.);
#106=ORIENTED_EDGE('',*,*,#105,.F.);
#107=CARTESIAN_POINT('',(-105.794228634,5.5,-10.));
#108=DIRECTION('',(0.,0.,1.));
#109=VECTOR('',#108,60.);
#110=LINE('',#107,#109);
#111=EDGE_CURVE('',#100,#73,#110,.T.);
#112=ORIENTED_EDGE('',*,*,#111,.T.);
#113=EDGE_LOOP('',(#81,#88,#89,#98,#106,#112));
#114=FACE_BOUND('',#113,.T.);
#115=ADVANCED_FACE('',(#114),#71,.F.);
#116=CARTESIAN_POINT('',(-103.794228634,5.5,-10.));
#117=DIRECTION('',(0.,0.,1.));
#118=DIRECTION('',(1.,0.,-0.));
#119=AXIS2_PLACEMENT_3D('',#116,#117,#118);
#120=CYLINDRICAL_SURFACE('',#119,2.);
#121=CARTESIAN_POINT('',(-103.794228634,7.5,50.));
#122=VERTEX_POINT('',#121);
#123=CARTESIAN_POINT('',(-103.794228634,5.5,50.));
#124=DIRECTION('',(0.,0.,1.));
#125=DIRECTION('',(-1.,-0.,0.));
#126=AXIS2_PLACEMENT_3D('',#123,#124,#125);
#127=CIRCLE('',#126,2.);
#128=EDGE_CURVE('',#122,#73,#127,.T.);
#129=ORIENTED_EDGE('',*,*,#128,.T.);
#130=ORIENTED_EDGE('',*,*,#111,.F.);
#131=CARTESIAN_POINT('',(-103.794228634,7.5,-10.));
#132=VERTEX_POINT('',#131);
#133=CARTESIAN_POINT('',(-103.794228634,5.5,-10.));
#134=DIRECTION('',(0.,0.,1.));
#135=DIRECTION('',(-1.,-0.,0.));
#136=AXIS2_PLACEMENT_3D('',#133,#134,#135);
#137=CIRCLE('',#136,2.);
#138=EDGE_CURVE('',#132,#100,#137,.T.);
#139=ORIENTED_EDGE('',*,*,#138,.F.);
#140=CARTESIAN_POINT('',(-103.794228634,7.5,-10.));
#141=DIRECTION('',(0.,0.,1.));
#142=VECTOR('',#141,60.);
#143=LINE('',#140,#142);
#144=EDGE_CURVE('',#132,#122,#143,.T.);
#145=ORIENTED_EDGE('',*,*,#144,.T.);
#146=EDGE_LOOP('',(#129,#130,#139,#145));
#147=FACE_BOUND('',#146,.T.);
#148=ADVANCED_FACE('',(#147),#120,.F.);
#149=CARTESIAN_POINT('',(-77.794228634,7.5,-10.));
#150=DIRECTION('',(0.,1.,0.));
#151=DIRECTION('',(-1.,0.,0.));
#152=AXIS2_PLACEMENT_3D('',#149,#150,#151);
#153=PLANE('',#152);
#154=CARTESIAN_POINT('',(-77.794228634,7.5,50.));
#155=VERTEX_POINT('',#154);
#156=CARTESIAN_POINT('',(-77.794228634,7.5,50.));
#157=DIRECTION('',(-1.,0.,0.));
#158=VECTOR('',#157,26.);
#159=LINE('',#156,#158);
#160=EDGE_CURVE('',#155,#122,#159,.T.);
#161=ORIENTED_EDGE('',*,*,#160,.T.);
#162=ORIENTED_EDGE('',*,*,#144,.F.);
#163=CARTESIAN_POINT('',(-77.794228634,7.5,-10.));
#164=VERTEX_POINT('',#163);
#165=CARTESIAN_POINT('',(-77.794228634,7.5,-10.));
#166=DIRECTION('',(-1.,0.,0.));
#167=VECTOR('',#166,26.);
#168=LINE('',#165,#167);
#169=EDGE_CURVE('',#164,#132,#168,.T.);
#170=ORIENTED_EDGE('',*,*,#169,.F.);
#171=CARTESIAN_POINT('',(-77.794228634,7.5,-10.));
#172=DIRECTION('',(0.,0.,1.));
#173=VECTOR('',#172,60.);
#174=LINE('',#171,#173);
#175=EDGE_CURVE('',#164,#155,#174,.T.);
#176=ORIENTED_EDGE('',*,*,#175,.T.);
#177=EDGE_LOOP('',(#161,#162,#170,#176));
#178=FACE_BOUND('',#177,.T.);
#179=ADVANCED_FACE('',(#178),#153,.F.);
#180=CARTESIAN_POINT('',(-77.794228634,5.5,-10.));
#181=DIRECTION('',(0.,0.,1.));
#182=DIRECTION('',(1.,0.,-0.));
#183=AXIS2_PLACEMENT_3D('',#180,#181,#182);
#184=CYLINDRICAL_SURFACE('',#183,2.);
#185=CARTESIAN_POINT('',(-75.794228634,5.5,50.));
#186=VERTEX_POINT('',#185);
#187=CARTESIAN_POINT('',(-77.794228634,5.5,50.));
#188=DIRECTION('',(0.,0.,1.));
#189=DIRECTION('',(0.,-1.,0.));
#190=AXIS2_PLACEMENT_3D('',#187,#188,#189);
#191=CIRCLE('',#190,2.);
#192=EDGE_CURVE('',#186,#155,#191,.T.);
#193=ORIENTED_EDGE('',*,*,#192,.T.);
#194=ORIENTED_EDGE('',*,*,#175,.F.);
#195=CARTESIAN_POINT('',(-75.794228634,5.5,-10.));
#196=VERTEX_POINT('',#195);
#197=CARTESIAN_POINT('',(-77.794228634,5.5,-10.));
#198=DIRECTION('',(0.,0.,1.));
#199=DIRECTION('',(0.,-1.,0.));
#200=AXIS2_PLACEMENT_3D('',#197,#198,#199);
#201=CIRCLE('',#200,2.);
#202=EDGE_CURVE('',#196,#164,#201,.T.);
#203=ORIENTED_EDGE('',*,*,#202,.F.);
#204=CARTESIAN_POINT('',(-75.794228634,5.5,-10.));
#205=DIRECTION('',(0.,0.,1.));
#206=VECTOR('',#205,60.);
#207=LINE('',#204,#206);
#208=EDGE_CURVE('',#196,#186,#207,.T.);
#209=ORIENTED_EDGE('',*,*,#208,.T.);
#210=EDGE_LOOP('',(#193,#194,#203,#209));
#211=FACE_BOUND('',#210,.T.);
#212=ADVANCED_FACE('',(#211),#184,.F.);
#213=CARTESIAN_POINT('',(-12.5,4.5,-10.));
#214=DIRECTION('',(-0.,1.,0.));
#215=DIRECTION('',(-1.,-0.,0.));
#216=AXIS2_PLACEMENT_3D('',#213,#214,#215);
#217=PLANE('',#216);
#218=CARTESIAN_POINT('',(-12.5,4.5,-9.));
#219=VERTEX_POINT('',#218);
#220=CARTESIAN_POINT('',(-12.5,4.5,49.));
#221=VERTEX_POINT('',#220);
#222=CARTESIAN_POINT('',(-12.5,4.5,-9.));
#223=DIRECTION('',(0.,0.,1.));
#224=VECTOR('',#223,58.);
#225=LINE('',#222,#224);
#226=EDGE_CURVE('',#219,#221,#225,.T.);
#227=ORIENTED_EDGE('',*,*,#226,.F.);
#228=CARTESIAN_POINT('',(-42.5,4.5,-9.));
#229=VERTEX_POINT('',#228);
#230=CARTESIAN_POINT('',(-12.5,4.5,-9.));
#231=DIRECTION('',(-1.,-0.,0.));
#232=VECTOR('',#231,30.);
#233=LINE('',#230,#232);
#234=EDGE_CURVE('',#219,#229,#233,.T.);
#235=ORIENTED_EDGE('',*,*,#234,.T.);
#236=CARTESIAN_POINT('',(-42.5,4.5,49.));
#237=VERTEX_POINT('',#236);
#238=CARTESIAN_POINT('',(-42.5,4.5,-9.));
#239=DIRECTION('',(0.,0.,1.));
#240=VECTOR('',#239,58.);
#241=LINE('',#238,#240);
#242=EDGE_CURVE('',#229,#237,#241,.T.);
#243=ORIENTED_EDGE('',*,*,#242,.T.);
#244=CARTESIAN_POINT('',(-42.5,4.5,49.));
#245=DIRECTION('',(1.,0.,-0.));
#246=VECTOR('',#245,30.);
#247=LINE('',#244,#246);
#248=EDGE_CURVE('',#237,#221,#247,.T.);
#249=ORIENTED_EDGE('',*,*,#248,.T.);
#250=EDGE_LOOP('',(#227,#235,#243,#249));
#251=FACE_BOUND('',#250,.T.);
#252=ADVANCED_FACE('',(#251),#217,.T.);
#253=CARTESIAN_POINT('',(-42.5,4.5,-10.));
#254=DIRECTION('',(1.,0.,0.));
#255=DIRECTION('',(-0.,1.,0.));
#256=AXIS2_PLACEMENT_3D('',#253,#254,#255);
#257=PLANE('',#256);
#258=CARTESIAN_POINT('',(-42.5,3.5,50.));
#259=VERTEX_POINT('',#258);
#260=CARTESIAN_POINT('',(-42.5,5.5,50.));
#261=VERTEX_POINT('',#260);
#262=CARTESIAN_POINT('',(-42.5,3.5,50.));
#263=DIRECTION('',(-0.,1.,0.));
#264=VECTOR('',#263,2.);
#265=LINE('',#262,#264);
#266=EDGE_CURVE('',#259,#261,#265,.T.);
#267=ORIENTED_EDGE('',*,*,#266,.F.);
#268=CARTESIAN_POINT('',(-42.5,3.5,49.));
#269=DIRECTION('',(-1.,-0.,-0.));
#270=DIRECTION('',(-0.,1.,0.));
#271=AXIS2_PLACEMENT_3D('',#268,#269,#270);
#272=CIRCLE('',#271,1.);
#273=EDGE_CURVE('',#259,#237,#272,.T.);
#274=ORIENTED_EDGE('',*,*,#273,.T.);
#275=ORIENTED_EDGE('',*,*,#242,.F.);
#276=CARTESIAN_POINT('',(-42.5,3.5,-10.));
#277=VERTEX_POINT('',#276);
#278=CARTESIAN_POINT('',(-42.5,3.5,-9.));
#279=DIRECTION('',(-1.,-0.,-0.));
#280=DIRECTION('',(-0.,1.,0.));
#281=AXIS2_PLACEMENT_3D('',#278,#279,#280);
#282=CIRCLE('',#281,1.);
#283=EDGE_CURVE('',#229,#277,#282,.T.);
#284=ORIENTED_EDGE('',*,*,#283,.T.);
#285=CARTESIAN_POINT('',(-42.5,5.5,-10.));
#286=VERTEX_POINT('',#285);
#287=CARTESIAN_POINT('',(-42.5,3.5,-10.));
#288=DIRECTION('',(-0.,1.,0.));
#289=VECTOR('',#288,2.);
#290=LINE('',#287,#289);
#291=EDGE_CURVE('',#277,#286,#290,.T.);
#292=ORIENTED_EDGE('',*,*,#291,.T.);
#293=CARTESIAN_POINT('',(-42.5,5.5,-10.));
#294=DIRECTION('',(0.,0.,1.));
#295=VECTOR('',#294,60.);
#296=LINE('',#293,#295);
#297=EDGE_CURVE('',#286,#261,#296,.T.);
#298=ORIENTED_EDGE('',*,*,#297,.T.);
#299=EDGE_LOOP('',(#267,#274,#275,#284,#292,#298));
#300=FACE_BOUND('',#299,.T.);
#301=ADVANCED_FACE('',(#300),#257,.T.);
#302=CARTESIAN_POINT('',(-40.5,5.5,-10.));
#303=DIRECTION('',(0.,0.,1.));
#304=DIRECTION('',(1.,0.,-0.));
#305=AXIS2_PLACEMENT_3D('',#302,#303,#304);
#306=CYLINDRICAL_SURFACE('',#305,2.);
#307=CARTESIAN_POINT('',(-40.5,7.5,50.));
#308=VERTEX_POINT('',#307);
#309=CARTESIAN_POINT('',(-40.5,5.5,50.));
#310=DIRECTION('',(-0.,0.,-1.));
#311=DIRECTION('',(-1.,-0.,0.));
#312=AXIS2_PLACEMENT_3D('',#309,#310,#311);
#313=CIRCLE('',#312,2.);
#314=EDGE_CURVE('',#261,#308,#313,.T.);
#315=ORIENTED_EDGE('',*,*,#314,.F.);
#316=ORIENTED_EDGE('',*,*,#297,.F.);
#317=CARTESIAN_POINT('',(-40.5,7.5,-10.));
#318=VERTEX_POINT('',#317);
#319=CARTESIAN_POINT('',(-40.5,5.5,-10.));
#320=DIRECTION('',(-0.,0.,-1.));
#321=DIRECTION('',(-1.,-0.,0.));
#322=AXIS2_PLACEMENT_3D('',#319,#320,#321);
#323=CIRCLE('',#322,2.);
#324=EDGE_CURVE('',#286,#318,#323,.T.);
#325=ORIENTED_EDGE('',*,*,#324,.T.);
#326=CARTESIAN_POINT('',(-40.5,7.5,-10.));
#327=DIRECTION('',(0.,0.,1.));
#328=VECTOR('',#327,60.);
#329=LINE('',#326,#328);
#330=EDGE_CURVE('',#318,#308,#329,.T.);
#331=ORIENTED_EDGE('',*,*,#330,.T.);
#332=EDGE_LOOP('',(#315,#316,#325,#331));
#333=FACE_BOUND('',#332,.T.);
#334=ADVANCED_FACE('',(#333),#306,.F.);
#335=CARTESIAN_POINT('',(-40.5,7.5,-10.));
#336=DIRECTION('',(0.,-1.,0.));
#337=DIRECTION('',(1.,0.,0.));
#338=AXIS2_PLACEMENT_3D('',#335,#336,#337);
#339=PLANE('',#338);
#340=CARTESIAN_POINT('',(-14.5,7.5,50.));
#341=VERTEX_POINT('',#340);
#342=CARTESIAN_POINT('',(-40.5,7.5,50.));
#343=DIRECTION('',(1.,0.,0.));
#344=VECTOR('',#343,26.);
#345=LINE('',#342,#344);
#346=EDGE_CURVE('',#308,#341,#345,.T.);
#347=ORIENTED_EDGE('',*,*,#346,.F.);
#348=ORIENTED_EDGE('',*,*,#330,.F.);
#349=CARTESIAN_POINT('',(-14.5,7.5,-10.));
#350=VERTEX_POINT('',#349);
#351=CARTESIAN_POINT('',(-40.5,7.5,-10.));
#352=DIRECTION('',(1.,0.,0.));
#353=VECTOR('',#352,26.);
#354=LINE('',#351,#353);
#355=EDGE_CURVE('',#318,#350,#354,.T.);
#356=ORIENTED_EDGE('',*,*,#355,.T.);
#357=CARTESIAN_POINT('',(-14.5,7.5,-10.));
#358=DIRECTION('',(0.,0.,1.));
#359=VECTOR('',#358,60.);
#360=LINE('',#357,#359);
#361=EDGE_CURVE('',#350,#341,#360,.T.);
#362=ORIENTED_EDGE('',*,*,#361,.T.);
#363=EDGE_LOOP('',(#347,#348,#356,#362));
#364=FACE_BOUND('',#363,.T.);
#365=ADVANCED_FACE('',(#364),#339,.T.);
#366=CARTESIAN_POINT('',(-14.5,5.5,-10.));
#367=DIRECTION('',(0.,0.,1.));
#368=DIRECTION('',(1.,0.,-0.));
#369=AXIS2_PLACEMENT_3D('',#366,#367,#368);
#370=CYLINDRICAL_SURFACE('',#369,2.);
#371=CARTESIAN_POINT('',(-12.5,5.5,50.));
#372=VERTEX_POINT('',#371);
#373=CARTESIAN_POINT('',(-14.5,5.5,50.));
#374=DIRECTION('',(-0.,0.,-1.));
#375=DIRECTION('',(-1.,-0.,0.));
#376=AXIS2_PLACEMENT_3D('',#373,#374,#375);
#377=CIRCLE('',#376,2.);
#378=EDGE_CURVE('',#341,#372,#377,.T.);
#379=ORIENTED_EDGE('',*,*,#378,.F.);
#380=ORIENTED_EDGE('',*,*,#361,.F.);
#381=CARTESIAN_POINT('',(-12.5,5.5,-10.));
#382=VERTEX_POINT('',#381);
#383=CARTESIAN_POINT('',(-14.5,5.5,-10.));
#384=DIRECTION('',(-0.,0.,-1.));
#385=DIRECTION('',(-1.,-0.,0.));
#386=AXIS2_PLACEMENT_3D('',#383,#384,#385);
#387=CIRCLE('',#386,2.);
#388=EDGE_CURVE('',#350,#382,#387,.T.);
#389=ORIENTED_EDGE('',*,*,#388,.T.);
#390=CARTESIAN_POINT('',(-12.5,5.5,-10.));
#391=DIRECTION('',(0.,0.,1.));
#392=VECTOR('',#391,60.);
#393=LINE('',#390,#392);
#394=EDGE_CURVE('',#382,#372,#393,.T.);
#395=ORIENTED_EDGE('',*,*,#394,.T.);
#396=EDGE_LOOP('',(#379,#380,#389,#395));
#397=FACE_BOUND('',#396,.T.);
#398=ADVANCED_FACE('',(#397),#370,.F.);
#399=CARTESIAN_POINT('',(-14.5,-91.5,-10.));
#400=DIRECTION('',(-0.,1.,0.));
#401=DIRECTION('',(-1.,-0.,0.));
#402=AXIS2_PLACEMENT_3D('',#399,#400,#401);
#403=PLANE('',#402);
#404=CARTESIAN_POINT('',(-14.5,-91.5,50.));
#405=VERTEX_POINT('',#404);
#406=CARTESIAN_POINT('',(-42.5,-91.5,50.));
#407=VERTEX_POINT('',#406);
#408=CARTESIAN_POINT('',(-14.5,-91.5,50.));
#409=DIRECTION('',(-1.,-0.,0.));
#410=VECTOR('',#409,28.);
#411=LINE('',#408,#410);
#412=EDGE_CURVE('',#405,#407,#411,.T.);
#413=ORIENTED_EDGE('',*,*,#412,.F.);
#414=CARTESIAN_POINT('',(-14.5,-91.5,-10.));
#415=VERTEX_POINT('',#414);
#416=CARTESIAN_POINT('',(-14.5,-91.5,-10.));
#417=DIRECTION('',(0.,0.,1.));
#418=VECTOR('',#417,60.);
#419=LINE('',#416,#418);
#420=EDGE_CURVE('',#415,#405,#419,.T.);
#421=ORIENTED_EDGE('',*,*,#420,.F.);
#422=CARTESIAN_POINT('',(-42.5,-91.5,-10.));
#423=VERTEX_POINT('',#422);
#424=CARTESIAN_POINT('',(-14.5,-91.5,-10.));
#425=DIRECTION('',(-1.,-0.,0.));
#426=VECTOR('',#425,28.);
#427=LINE('',#424,#426);
#428=EDGE_CURVE('',#415,#423,#427,.T.);
#429=ORIENTED_EDGE('',*,*,#428,.T.);
#430=CARTESIAN_POINT('',(-42.5,-91.5,-10.));
#431=DIRECTION('',(0.,0.,1.));
#432=VECTOR('',#431,60.);
#433=LINE('',#430,#432);
#434=EDGE_CURVE('',#423,#407,#433,.T.);
#435=ORIENTED_EDGE('',*,*,#434,.T.);
#436=EDGE_LOOP('',(#413,#421,#429,#435));
#437=FACE_BOUND('',#436,.T.);
#438=ADVANCED_FACE('',(#437),#403,.T.);
#439=CARTESIAN_POINT('',(-42.5,-91.5,-10.));
#440=DIRECTION('',(1.,0.,0.));
#441=DIRECTION('',(-0.,1.,0.));
#442=AXIS2_PLACEMENT_3D('',#439,#440,#441);
#443=PLANE('',#442);
#444=CARTESIAN_POINT('',(-42.5,-87.5,50.));
#445=VERTEX_POINT('',#444);
#446=CARTESIAN_POINT('',(-42.5,-91.5,50.));
#447=DIRECTION('',(-0.,1.,0.));
#448=VECTOR('',#447,4.);
#449=LINE('',#446,#448);
#450=EDGE_CURVE('',#407,#445,#449,.T.);
#451=ORIENTED_EDGE('',*,*,#450,.F.);
#452=ORIENTED_EDGE('',*,*,#434,.F.);
#453=CARTESIAN_POINT('',(-42.5,-87.5,-10.));
#454=VERTEX_POINT('',#453);
#455=CARTESIAN_POINT('',(-42.5,-91.5,-10.));
#456=DIRECTION('',(-0.,1.,0.));
#457=VECTOR('',#456,4.);
#458=LINE('',#455,#457);
#459=EDGE_CURVE('',#423,#454,#458,.T.);
#460=ORIENTED_EDGE('',*,*,#459,.T.);
#461=CARTESIAN_POINT('',(-42.5,-88.5,-9.));
#462=VERTEX_POINT('',#461);
#463=CARTESIAN_POINT('',(-42.5,-87.5,-9.));
#464=DIRECTION('',(-1.,-0.,-0.));
#465=DIRECTION('',(-0.,1.,0.));
#466=AXIS2_PLACEMENT_3D('',#463,#464,#465);
#467=CIRCLE('',#466,1.);
#468=EDGE_CURVE('',#454,#462,#467,.T.);
#469=ORIENTED_EDGE('',*,*,#468,.T.);
#470=CARTESIAN_POINT('',(-42.5,-88.5,49.));
#471=VERTEX_POINT('',#470);
#472=CARTESIAN_POINT('',(-42.5,-88.5,-9.));
#473=DIRECTION('',(0.,0.,1.));
#474=VECTOR('',#473,58.);
#475=LINE('',#472,#474);
#476=EDGE_CURVE('',#462,#471,#475,.T.);
#477=ORIENTED_EDGE('',*,*,#476,.T.);
#478=CARTESIAN_POINT('',(-42.5,-87.5,49.));
#479=DIRECTION('',(-1.,-0.,-0.));
#480=DIRECTION('',(-0.,1.,0.));
#481=AXIS2_PLACEMENT_3D('',#478,#479,#480);
#482=CIRCLE('',#481,1.);
#483=EDGE_CURVE('',#471,#445,#482,.T.);
#484=ORIENTED_EDGE('',*,*,#483,.T.);
#485=EDGE_LOOP('',(#451,#452,#460,#469,#477,#484));
#486=FACE_BOUND('',#485,.T.);
#487=ADVANCED_FACE('',(#486),#443,.T.);
#488=CARTESIAN_POINT('',(-42.5,-88.5,-10.));
#489=DIRECTION('',(0.,-1.,0.));
#490=DIRECTION('',(1.,0.,0.));
#491=AXIS2_PLACEMENT_3D('',#488,#489,#490);
#492=PLANE('',#491);
#493=ORIENTED_EDGE('',*,*,#476,.F.);
#494=CARTESIAN_POINT('',(-12.5,-88.5,-9.));
#495=VERTEX_POINT('',#494);
#496=CARTESIAN_POINT('',(-42.5,-88.5,-9.));
#497=DIRECTION('',(1.,0.,0.));
#498=VECTOR('',#497,30.);
#499=LINE('',#496,#498);
#500=EDGE_CURVE('',#462,#495,#499,.T.);
#501=ORIENTED_EDGE('',*,*,#500,.T.);
#502=CARTESIAN_POINT('',(-12.5,-88.5,49.));
#503=VERTEX_POINT('',#502);
#504=CARTESIAN_POINT('',(-12.5,-88.5,-9.));
#505=DIRECTION('',(0.,0.,1.));
#506=VECTOR('',#505,58.);
#507=LINE('',#504,#506);
#508=EDGE_CURVE('',#495,#503,#507,.T.);
#509=ORIENTED_EDGE('',*,*,#508,.T.);
#510=CARTESIAN_POINT('',(-12.5,-88.5,49.));
#511=DIRECTION('',(-1.,-0.,-0.));
#512=VECTOR('',#511,30.);
#513=LINE('',#510,#512);
#514=EDGE_CURVE('',#503,#471,#513,.T.);
#515=ORIENTED_EDGE('',*,*,#514,.T.);
#516=EDGE_LOOP('',(#493,#501,#509,#515));
#517=FACE_BOUND('',#516,.T.);
#518=ADVANCED_FACE('',(#517),#492,.T.);
#519=CARTESIAN_POINT('',(-12.5,-88.5,-10.));
#520=DIRECTION('',(-1.,-0.,0.));
#521=DIRECTION('',(0.,-1.,0.));
#522=AXIS2_PLACEMENT_3D('',#519,#520,#521);
#523=PLANE('',#522);
#524=CARTESIAN_POINT('',(-12.5,-87.5,50.));
#525=VERTEX_POINT('',#524);
#526=CARTESIAN_POINT('',(-12.5,-89.5,50.));
#527=VERTEX_POINT('',#526);
#528=CARTESIAN_POINT('',(-12.5,-87.5,50.));
#529=DIRECTION('',(0.,-1.,0.));
#530=VECTOR('',#529,2.);
#531=LINE('',#528,#530);
#532=EDGE_CURVE('',#525,#527,#531,.T.);
#533=ORIENTED_EDGE('',*,*,#532,.F.);
#534=CARTESIAN_POINT('',(-12.5,-87.5,49.));
#535=DIRECTION('',(1.,0.,-0.));
#536=DIRECTION('',(0.,-1.,0.));
#537=AXIS2_PLACEMENT_3D('',#534,#535,#536);
#538=CIRCLE('',#537,1.);
#539=EDGE_CURVE('',#525,#503,#538,.T.);
#540=ORIENTED_EDGE('',*,*,#539,.T.);
#541=ORIENTED_EDGE('',*,*,#508,.F.);
#542=CARTESIAN_POINT('',(-12.5,-87.5,-10.));
#543=VERTEX_POINT('',#542);
#544=CARTESIAN_POINT('',(-12.5,-87.5,-9.));
#545=DIRECTION('',(1.,0.,-0.));
#546=DIRECTION('',(0.,-1.,0.));
#547=AXIS2_PLACEMENT_3D('',#544,#545,#546);
#548=CIRCLE('',#547,1.);
#549=EDGE_CURVE('',#495,#543,#548,.T.);
#550=ORIENTED_EDGE('',*,*,#549,.T.);
#551=CARTESIAN_POINT('',(-12.5,-89.5,-10.));
#552=VERTEX_POINT('',#551);
#553=CARTESIAN_POINT('',(-12.5,-87.5,-10.));
#554=DIRECTION('',(0.,-1.,0.));
#555=VECTOR('',#554,2.);
#556=LINE('',#553,#555);
#557=EDGE_CURVE('',#543,#552,#556,.T.);
#558=ORIENTED_EDGE('',*,*,#557,.T.);
#559=CARTESIAN_POINT('',(-12.5,-89.5,-10.));
#560=DIRECTION('',(0.,0.,1.));
#561=VECTOR('',#560,60.);
#562=LINE('',#559,#561);
#563=EDGE_CURVE('',#552,#527,#562,.T.);
#564=ORIENTED_EDGE('',*,*,#563,.T.);
#565=EDGE_LOOP('',(#533,#540,#541,#550,#558,#564));
#566=FACE_BOUND('',#565,.T.);
#567=ADVANCED_FACE('',(#566),#523,.T.);
#568=CARTESIAN_POINT('',(-75.794228634,-103.5,-10.));
#569=DIRECTION('',(-0.,1.,0.));
#570=DIRECTION('',(-1.,-0.,0.));
#571=AXIS2_PLACEMENT_3D('',#568,#569,#570);
#572=PLANE('',#571);
#573=CARTESIAN_POINT('',(-105.794228634,-103.5,-9.));
#574=VERTEX_POINT('',#573);
#575=CARTESIAN_POINT('',(-105.794228634,-103.5,49.));
#576=VERTEX_POINT('',#575);
#577=CARTESIAN_POINT('',(-105.794228634,-103.5,-9.));
#578=DIRECTION('',(0.,0.,1.));
#579=VECTOR('',#578,58.);
#580=LINE('',#577,#579);
#581=EDGE_CURVE('',#574,#576,#580,.T.);
#582=ORIENTED_EDGE('',*,*,#581,.F.);
#583=CARTESIAN_POINT('',(-75.794228634,-103.5,-9.));
#584=VERTEX_POINT('',#583);
#585=CARTESIAN_POINT('',(-105.794228634,-103.5,-9.));
#586=DIRECTION('',(1.,0.,-0.));
#587=VECTOR('',#586,30.);
#588=LINE('',#585,#587);
#589=EDGE_CURVE('',#574,#584,#588,.T.);
#590=ORIENTED_EDGE('',*,*,#589,.T.);
#591=CARTESIAN_POINT('',(-75.794228634,-103.5,49.));
#592=VERTEX_POINT('',#591);
#593=CARTESIAN_POINT('',(-75.794228634,-103.5,-9.));
#594=DIRECTION('',(0.,0.,1.));
#595=VECTOR('',#594,58.);
#596=LINE('',#593,#595);
#597=EDGE_CURVE('',#584,#592,#596,.T.);
#598=ORIENTED_EDGE('',*,*,#597,.T.);
#599=CARTESIAN_POINT('',(-75.794228634,-103.5,49.));
#600=DIRECTION('',(-1.,-0.,0.));
#601=VECTOR('',#600,30.);
#602=LINE('',#599,#601);
#603=EDGE_CURVE('',#592,#576,#602,.T.);
#604=ORIENTED_EDGE('',*,*,#603,.T.);
#605=EDGE_LOOP('',(#582,#590,#598,#604));
#606=FACE_BOUND('',#605,.T.);
#607=ADVANCED_FACE('',(#606),#572,.F.);
#608=CARTESIAN_POINT('',(-75.794228634,-104.5,-10.));
#609=DIRECTION('',(1.,0.,0.));
#610=DIRECTION('',(-0.,1.,0.));
#611=AXIS2_PLACEMENT_3D('',#608,#609,#610);
#612=PLANE('',#611);
#613=CARTESIAN_POINT('',(-75.794228634,-104.5,50.));
#614=VERTEX_POINT('',#613);
#615=CARTESIAN_POINT('',(-75.794228634,-102.5,50.));
#616=VERTEX_POINT('',#615);
#617=CARTESIAN_POINT('',(-75.794228634,-104.5,50.));
#618=DIRECTION('',(-0.,1.,0.));
#619=VECTOR('',#618,2.);
#620=LINE('',#617,#619);
#621=EDGE_CURVE('',#614,#616,#620,.T.);
#622=ORIENTED_EDGE('',*,*,#621,.T.);
#623=CARTESIAN_POINT('',(-75.794228634,-102.5,49.));
#624=DIRECTION('',(1.,0.,0.));
#625=DIRECTION('',(-0.,1.,0.));
#626=AXIS2_PLACEMENT_3D('',#623,#624,#625);
#627=CIRCLE('',#626,1.);
#628=EDGE_CURVE('',#616,#592,#627,.T.);
#629=ORIENTED_EDGE('',*,*,#628,.T.);
#630=ORIENTED_EDGE('',*,*,#597,.F.);
#631=CARTESIAN_POINT('',(-75.794228634,-102.5,-10.));
#632=VERTEX_POINT('',#631);
#633=CARTESIAN_POINT('',(-75.794228634,-102.5,-9.));
#634=DIRECTION('',(1.,0.,0.));
#635=DIRECTION('',(-0.,1.,0.));
#636=AXIS2_PLACEMENT_3D('',#633,#634,#635);
#637=CIRCLE('',#636,1.);
#638=EDGE_CURVE('',#584,#632,#637,.T.);
#639=ORIENTED_EDGE('',*,*,#638,.T.);
#640=CARTESIAN_POINT('',(-75.794228634,-104.5,-10.));
#641=VERTEX_POINT('',#640);
#642=CARTESIAN_POINT('',(-75.794228634,-104.5,-10.));
#643=DIRECTION('',(-0.,1.,0.));
#644=VECTOR('',#643,2.);
#645=LINE('',#642,#644);
#646=EDGE_CURVE('',#641,#632,#645,.T.);
#647=ORIENTED_EDGE('',*,*,#646,.F.);
#648=CARTESIAN_POINT('',(-75.794228634,-104.5,-10.));
#649=DIRECTION('',(0.,0.,1.));
#650=VECTOR('',#649,60.);
#651=LINE('',#648,#650);
#652=EDGE_CURVE('',#641,#614,#651,.T.);
#653=ORIENTED_EDGE('',*,*,#652,.T.);
#654=EDGE_LOOP('',(#622,#629,#630,#639,#647,#653));
#655=FACE_BOUND('',#654,.T.);
#656=ADVANCED_FACE('',(#655),#612,.F.);
#657=CARTESIAN_POINT('',(-77.794228634,-104.5,-10.));
#658=DIRECTION('',(0.,0.,1.));
#659=DIRECTION('',(1.,0.,-0.));
#660=AXIS2_PLACEMENT_3D('',#657,#658,#659);
#661=CYLINDRICAL_SURFACE('',#660,2.);
#662=CARTESIAN_POINT('',(-77.794228634,-106.5,50.));
#663=VERTEX_POINT('',#662);
#664=CARTESIAN_POINT('',(-77.794228634,-104.5,50.));
#665=DIRECTION('',(0.,0.,1.));
#666=DIRECTION('',(0.,-1.,0.));
#667=AXIS2_PLACEMENT_3D('',#664,#665,#666);
#668=CIRCLE('',#667,2.);
#669=EDGE_CURVE('',#663,#614,#668,.T.);
#670=ORIENTED_EDGE('',*,*,#669,.T.);
#671=ORIENTED_EDGE('',*,*,#652,.F.);
#672=CARTESIAN_POINT('',(-77.794228634,-106.5,-10.));
#673=VERTEX_POINT('',#672);
#674=CARTESIAN_POINT('',(-77.794228634,-104.5,-10.));
#675=DIRECTION('',(0.,0.,1.));
#676=DIRECTION('',(0.,-1.,0.));
#677=AXIS2_PLACEMENT_3D('',#674,#675,#676);
#678=CIRCLE('',#677,2.);
#679=EDGE_CURVE('',#673,#641,#678,.T.);
#680=ORIENTED_EDGE('',*,*,#679,.F.);
#681=CARTESIAN_POINT('',(-77.794228634,-106.5,-10.));
#682=DIRECTION('',(0.,0.,1.));
#683=VECTOR('',#682,60.);
#684=LINE('',#681,#683);
#685=EDGE_CURVE('',#673,#663,#684,.T.);
#686=ORIENTED_EDGE('',*,*,#685,.T.);
#687=EDGE_LOOP('',(#670,#671,#680,#686));
#688=FACE_BOUND('',#687,.T.);
#689=ADVANCED_FACE('',(#688),#661,.F.);
#690=CARTESIAN_POINT('',(-110.990381057,-106.5,-10.));
#691=DIRECTION('',(0.,-1.,0.));
#692=DIRECTION('',(1.,0.,0.));
#693=AXIS2_PLACEMENT_3D('',#690,#691,#692);
#694=PLANE('',#693);
#695=CARTESIAN_POINT('',(-110.990381057,-106.5,50.));
#696=VERTEX_POINT('',#695);
#697=CARTESIAN_POINT('',(-110.990381057,-106.5,50.));
#698=DIRECTION('',(1.,0.,0.));
#699=VECTOR('',#698,33.196152423);
#700=LINE('',#697,#699);
#701=EDGE_CURVE('',#696,#663,#700,.T.);
#702=ORIENTED_EDGE('',*,*,#701,.T.);
#703=ORIENTED_EDGE('',*,*,#685,.F.);
#704=CARTESIAN_POINT('',(-110.990381057,-106.5,-10.));
#705=VERTEX_POINT('',#704);
#706=CARTESIAN_POINT('',(-110.990381057,-106.5,-10.));
#707=DIRECTION('',(1.,0.,0.));
#708=VECTOR('',#707,33.196152423);
#709=LINE('',#706,#708);
#710=EDGE_CURVE('',#705,#673,#709,.T.);
#711=ORIENTED_EDGE('',*,*,#710,.F.);
#712=CARTESIAN_POINT('',(-110.990381057,-106.5,-10.));
#713=DIRECTION('',(0.,0.,1.));
#714=VECTOR('',#713,60.);
#715=LINE('',#712,#714);
#716=EDGE_CURVE('',#705,#696,#715,.T.);
#717=ORIENTED_EDGE('',*,*,#716,.T.);
#718=EDGE_LOOP('',(#702,#703,#711,#717));
#719=FACE_BOUND('',#718,.T.);
#720=ADVANCED_FACE('',(#719),#694,.F.);
#721=CARTESIAN_POINT('',(1.5,-85.5,-10.));
#722=DIRECTION('',(0.,0.,1.));
#723=DIRECTION('',(1.,0.,-0.));
#724=AXIS2_PLACEMENT_3D('',#721,#722,#723);
#725=CYLINDRICAL_SURFACE('',#724,1.);
#726=CARTESIAN_POINT('',(2.5,-85.5,50.));
#727=VERTEX_POINT('',#726);
#728=CARTESIAN_POINT('',(1.5,-86.5,50.));
#729=VERTEX_POINT('',#728);
#730=CARTESIAN_POINT('',(1.5,-85.5,50.));
#731=DIRECTION('',(-0.,0.,-1.));
#732=DIRECTION('',(-1.,-0.,0.));
#733=AXIS2_PLACEMENT_3D('',#730,#731,#732);
#734=CIRCLE('',#733,1.);
#735=EDGE_CURVE('',#727,#729,#734,.T.);
#736=ORIENTED_EDGE('',*,*,#735,.F.);
#737=CARTESIAN_POINT('',(2.5,-85.5,-10.));
#738=VERTEX_POINT('',#737);
#739=CARTESIAN_POINT('',(2.5,-85.5,-10.));
#740=DIRECTION('',(0.,0.,1.));
#741=VECTOR('',#740,60.);
#742=LINE('',#739,#741);
#743=EDGE_CURVE('',#738,#727,#742,.T.);
#744=ORIENTED_EDGE('',*,*,#743,.F.);
#745=CARTESIAN_POINT('',(1.5,-86.5,-10.));
#746=VERTEX_POINT('',#745);
#747=CARTESIAN_POINT('',(1.5,-85.5,-10.));
#748=DIRECTION('',(-0.,0.,-1.));
#749=DIRECTION('',(-1.,-0.,0.));
#750=AXIS2_PLACEMENT_3D('',#747,#748,#749);
#751=CIRCLE('',#750,1.);
#752=EDGE_CURVE('',#738,#746,#751,.T.);
#753=ORIENTED_EDGE('',*,*,#752,.T.);
#754=CARTESIAN_POINT('',(1.5,-86.5,-10.));
#755=DIRECTION('',(0.,0.,1.));
#756=VECTOR('',#755,60.);
#757=LINE('',#754,#756);
#758=EDGE_CURVE('',#746,#729,#757,.T.);
#759=ORIENTED_EDGE('',*,*,#758,.T.);
#760=EDGE_LOOP('',(#736,#744,#753,#759));
#761=FACE_BOUND('',#760,.T.);
#762=ADVANCED_FACE('',(#761),#725,.F.);
#763=CARTESIAN_POINT('',(1.5,-86.5,-10.));
#764=DIRECTION('',(-0.,1.,0.));
#765=DIRECTION('',(-1.,-0.,0.));
#766=AXIS2_PLACEMENT_3D('',#763,#764,#765);
#767=PLANE('',#766);
#768=CARTESIAN_POINT('',(-43.074764186,-86.5,50.));
#769=VERTEX_POINT('',#768);
#770=CARTESIAN_POINT('',(1.5,-86.5,50.));
#771=DIRECTION('',(-1.,-0.,0.));
#772=VECTOR('',#771,44.574764186);
#773=LINE('',#770,#772);
#774=EDGE_CURVE('',#729,#769,#773,.T.);
#775=ORIENTED_EDGE('',*,*,#774,.F.);
#776=ORIENTED_EDGE('',*,*,#758,.F.);
#777=CARTESIAN_POINT('',(-43.074764186,-86.5,-10.));
#778=VERTEX_POINT('',#777);
#779=CARTESIAN_POINT('',(1.5,-86.5,-10.));
#780=DIRECTION('',(-1.,-0.,0.));
#781=VECTOR('',#780,44.574764186);
#782=LINE('',#779,#781);
#783=EDGE_CURVE('',#746,#778,#782,.T.);
#784=ORIENTED_EDGE('',*,*,#783,.T.);
#785=CARTESIAN_POINT('',(-43.074764186,-86.5,-10.));
#786=DIRECTION('',(0.,0.,1.));
#787=VECTOR('',#786,60.);
#788=LINE('',#785,#787);
#789=EDGE_CURVE('',#778,#769,#788,.T.);
#790=ORIENTED_EDGE('',*,*,#789,.T.);
#791=EDGE_LOOP('',(#775,#776,#784,#790));
#792=FACE_BOUND('',#791,.T.);
#793=ADVANCED_FACE('',(#792),#767,.T.);
#794=CARTESIAN_POINT('',(-43.074764186,-87.925235814,-10.));
#795=DIRECTION('',(0.,0.,1.));
#796=DIRECTION('',(1.,0.,-0.));
#797=AXIS2_PLACEMENT_3D('',#794,#795,#796);
#798=CYLINDRICAL_SURFACE('',#797,1.425235814);
#799=CARTESIAN_POINT('',(-44.5,-87.925235814,50.));
#800=VERTEX_POINT('',#799);
#801=CARTESIAN_POINT('',(-43.074764186,-87.925235814,50.));
#802=DIRECTION('',(0.,0.,1.));
#803=DIRECTION('',(-1.,-0.,0.));
#804=AXIS2_PLACEMENT_3D('',#801,#802,#803);
#805=CIRCLE('',#804,1.425235814);
#806=EDGE_CURVE('',#769,#800,#805,.T.);
#807=ORIENTED_EDGE('',*,*,#806,.F.);
#808=ORIENTED_EDGE('',*,*,#789,.F.);
#809=CARTESIAN_POINT('',(-44.5,-87.925235814,-10.));
#810=VERTEX_POINT('',#809);
#811=CARTESIAN_POINT('',(-43.074764186,-87.925235814,-10.));
#812=DIRECTION('',(0.,0.,1.));
#813=DIRECTION('',(-1.,-0.,0.));
#814=AXIS2_PLACEMENT_3D('',#811,#812,#813);
#815=CIRCLE('',#814,1.425235814);
#816=EDGE_CURVE('',#778,#810,#815,.T.);
#817=ORIENTED_EDGE('',*,*,#816,.T.);
#818=CARTESIAN_POINT('',(-44.5,-87.925235814,-10.));
#819=DIRECTION('',(0.,0.,1.));
#820=VECTOR('',#819,60.);
#821=LINE('',#818,#820);
#822=EDGE_CURVE('',#810,#800,#821,.T.);
#823=ORIENTED_EDGE('',*,*,#822,.T.);
#824=EDGE_LOOP('',(#807,#808,#817,#823));
#825=FACE_BOUND('',#824,.T.);
#826=ADVANCED_FACE('',(#825),#798,.T.);
#827=CARTESIAN_POINT('',(-44.5,-87.925235814,-10.));
#828=DIRECTION('',(-1.,-0.,0.));
#829=DIRECTION('',(0.,-1.,0.));
#830=AXIS2_PLACEMENT_3D('',#827,#828,#829);
#831=PLANE('',#830);
#832=CARTESIAN_POINT('',(-44.5,-100.5,50.));
#833=VERTEX_POINT('',#832);
#834=CARTESIAN_POINT('',(-44.5,-87.925235814,50.));
#835=DIRECTION('',(0.,-1.,0.));
#836=VECTOR('',#835,12.574764186);
#837=LINE('',#834,#836);
#838=EDGE_CURVE('',#800,#833,#837,.T.);
#839=ORIENTED_EDGE('',*,*,#838,.F.);
#840=ORIENTED_EDGE('',*,*,#822,.F.);
#841=CARTESIAN_POINT('',(-44.5,-100.5,-10.));
#842=VERTEX_POINT('',#841);
#843=CARTESIAN_POINT('',(-44.5,-87.925235814,-10.));
#844=DIRECTION('',(0.,-1.,0.));
#845=VECTOR('',#844,12.574764186);
#846=LINE('',#843,#845);
#847=EDGE_CURVE('',#810,#842,#846,.T.);
#848=ORIENTED_EDGE('',*,*,#847,.T.);
#849=CARTESIAN_POINT('',(-44.5,-100.5,-10.));
#850=DIRECTION('',(0.,0.,1.));
#851=VECTOR('',#850,60.);
#852=LINE('',#849,#851);
#853=EDGE_CURVE('',#842,#833,#852,.T.);
#854=ORIENTED_EDGE('',*,*,#853,.T.);
#855=EDGE_LOOP('',(#839,#840,#848,#854));
#856=FACE_BOUND('',#855,.T.);
#857=ADVANCED_FACE('',(#856),#831,.T.);
#858=CARTESIAN_POINT('',(-45.5,-100.5,-10.));
#859=DIRECTION('',(0.,0.,1.));
#860=DIRECTION('',(1.,0.,-0.));
#861=AXIS2_PLACEMENT_3D('',#858,#859,#860);
#862=CYLINDRICAL_SURFACE('',#861,1.);
#863=CARTESIAN_POINT('',(-45.5,-101.5,50.));
#864=VERTEX_POINT('',#863);
#865=CARTESIAN_POINT('',(-45.5,-100.5,50.));
#866=DIRECTION('',(-0.,0.,-1.));
#867=DIRECTION('',(-1.,-0.,0.));
#868=AXIS2_PLACEMENT_3D('',#865,#866,#867);
#869=CIRCLE('',#868,1.);
#870=EDGE_CURVE('',#833,#864,#869,.T.);
#871=ORIENTED_EDGE('',*,*,#870,.F.);
#872=ORIENTED_EDGE('',*,*,#853,.F.);
#873=CARTESIAN_POINT('',(-45.5,-101.5,-10.));
#874=VERTEX_POINT('',#873);
#875=CARTESIAN_POINT('',(-45.5,-100.5,-10.));
#876=DIRECTION('',(-0.,0.,-1.));
#877=DIRECTION('',(-1.,-0.,0.));
#878=AXIS2_PLACEMENT_3D('',#875,#876,#877);
#879=CIRCLE('',#878,1.);
#880=EDGE_CURVE('',#842,#874,#879,.T.);
#881=ORIENTED_EDGE('',*,*,#880,.T.);
#882=CARTESIAN_POINT('',(-45.5,-101.5,-10.));
#883=DIRECTION('',(0.,0.,1.));
#884=VECTOR('',#883,60.);
#885=LINE('',#882,#884);
#886=EDGE_CURVE('',#874,#864,#885,.T.);
#887=ORIENTED_EDGE('',*,*,#886,.T.);
#888=EDGE_LOOP('',(#871,#872,#881,#887));
#889=FACE_BOUND('',#888,.T.);
#890=ADVANCED_FACE('',(#889),#862,.F.);
#891=CARTESIAN_POINT('',(-45.5,-101.5,-10.));
#892=DIRECTION('',(-0.,1.,0.));
#893=DIRECTION('',(-1.,-0.,0.));
#894=AXIS2_PLACEMENT_3D('',#891,#892,#893);
#895=PLANE('',#894);
#896=CARTESIAN_POINT('',(-106.330127019,-101.5,50.));
#897=VERTEX_POINT('',#896);
#898=CARTESIAN_POINT('',(-45.5,-101.5,50.));
#899=DIRECTION('',(-1.,-0.,0.));
#900=VECTOR('',#899,60.830127019);
#901=LINE('',#898,#900);
#902=EDGE_CURVE('',#864,#897,#901,.T.);
#903=ORIENTED_EDGE('',*,*,#902,.F.);
#904=ORIENTED_EDGE('',*,*,#886,.F.);
#905=CARTESIAN_POINT('',(-106.330127019,-101.5,-10.));
#906=VERTEX_POINT('',#905);
#907=CARTESIAN_POINT('',(-45.5,-101.5,-10.));
#908=DIRECTION('',(-1.,-0.,0.));
#909=VECTOR('',#908,60.830127019);
#910=LINE('',#907,#909);
#911=EDGE_CURVE('',#874,#906,#910,.T.);
#912=ORIENTED_EDGE('',*,*,#911,.T.);
#913=CARTESIAN_POINT('',(-106.330127019,-101.5,-10.));
#914=DIRECTION('',(0.,0.,1.));
#915=VECTOR('',#914,60.);
#916=LINE('',#913,#915);
#917=EDGE_CURVE('',#906,#897,#916,.T.);
#918=ORIENTED_EDGE('',*,*,#917,.T.);
#919=EDGE_LOOP('',(#903,#904,#912,#918));
#920=FACE_BOUND('',#919,.T.);
#921=ADVANCED_FACE('',(#920),#895,.T.);
#922=CARTESIAN_POINT('',(-106.330127019,-101.5,-10.));
#923=DIRECTION('',(-0.5,0.866025404,0.));
#924=DIRECTION('',(-0.866025404,-0.5,0.));
#925=AXIS2_PLACEMENT_3D('',#922,#923,#924);
#926=PLANE('',#925);
#927=CARTESIAN_POINT('',(-122.637495374,-110.915063509,50.));
#928=VERTEX_POINT('',#927);
#929=CARTESIAN_POINT('',(-106.330127019,-101.5,50.));
#930=DIRECTION('',(-0.866025404,-0.5,0.));
#931=VECTOR('',#930,18.830127019);
#932=LINE('',#929,#931);
#933=EDGE_CURVE('',#897,#928,#932,.T.);
#934=ORIENTED_EDGE('',*,*,#933,.F.);
#935=ORIENTED_EDGE('',*,*,#917,.F.);
#936=CARTESIAN_POINT('',(-122.637495374,-110.915063509,-10.));
#937=VERTEX_POINT('',#936);
#938=CARTESIAN_POINT('',(-106.330127019,-101.5,-10.));
#939=DIRECTION('',(-0.866025404,-0.5,0.));
#940=VECTOR('',#939,18.830127019);
#941=LINE('',#938,#940);
#942=EDGE_CURVE('',#906,#937,#941,.T.);
#943=ORIENTED_EDGE('',*,*,#942,.T.);
#944=CARTESIAN_POINT('',(-122.637495374,-110.915063509,-10.));
#945=DIRECTION('',(0.,0.,1.));
#946=VECTOR('',#945,60.);
#947=LINE('',#944,#946);
#948=EDGE_CURVE('',#937,#928,#947,.T.);
#949=ORIENTED_EDGE('',*,*,#948,.T.);
#950=EDGE_LOOP('',(#934,#935,#943,#949));
#951=FACE_BOUND('',#950,.T.);
#952=ADVANCED_FACE('',(#951),#926,.T.);
#953=CARTESIAN_POINT('',(-122.637495374,-110.915063509,-10.));
#954=DIRECTION('',(0.866025404,0.5,0.));
#955=DIRECTION('',(-0.5,0.866025404,0.));
#956=AXIS2_PLACEMENT_3D('',#953,#954,#955);
#957=PLANE('',#956);
#958=CARTESIAN_POINT('',(-137.387495374,-85.367314098,50.));
#959=VERTEX_POINT('',#958);
#960=CARTESIAN_POINT('',(-122.637495374,-110.915063509,50.));
#961=DIRECTION('',(-0.5,0.866025404,0.));
#962=VECTOR('',#961,29.5);
#963=LINE('',#960,#962);
#964=EDGE_CURVE('',#928,#959,#963,.T.);
#965=ORIENTED_EDGE('',*,*,#964,.F.);
#966=ORIENTED_EDGE('',*,*,#948,.F.);
#967=CARTESIAN_POINT('',(-137.387495374,-85.367314098,-10.));
#968=VERTEX_POINT('',#967);
#969=CARTESIAN_POINT('',(-122.637495374,-110.915063509,-10.));
#970=DIRECTION('',(-0.5,0.866025404,0.));
#971=VECTOR('',#970,29.5);
#972=LINE('',#969,#971);
#973=EDGE_CURVE('',#937,#968,#972,.T.);
#974=ORIENTED_EDGE('',*,*,#973,.T.);
#975=CARTESIAN_POINT('',(-137.387495374,-85.367314098,-10.));
#976=DIRECTION('',(0.,0.,1.));
#977=VECTOR('',#976,60.);
#978=LINE('',#975,#977);
#979=EDGE_CURVE('',#968,#959,#978,.T.);
#980=ORIENTED_EDGE('',*,*,#979,.T.);
#981=EDGE_LOOP('',(#965,#966,#974,#980));
#982=FACE_BOUND('',#981,.T.);
#983=ADVANCED_FACE('',(#982),#957,.T.);
#984=CARTESIAN_POINT('',(-137.387495374,-85.367314098,-10.));
#985=CARTESIAN_POINT('',(-137.387495374,-85.367314098,50.));
#986=CARTESIAN_POINT('',(-141.006843002,-77.159581534,-10.));
#987=CARTESIAN_POINT('',(-141.006843002,-77.159581534,50.));
#988=CARTESIAN_POINT('',(-142.258423972,-72.468376791,-10.));
#989=CARTESIAN_POINT('',(-142.258423972,-72.468376791,50.));
#990=CARTESIAN_POINT('',(-143.001450929,-69.687636312,-10.));
#991=CARTESIAN_POINT('',(-143.001450929,-69.687636312,50.));
#992=CARTESIAN_POINT('',(-143.984590958,-65.208766476,-10.));
#993=CARTESIAN_POINT('',(-143.984590958,-65.208766476,50.));
#994=CARTESIAN_POINT('',(-144.47214361,-62.39128268,-10.));
#995=CARTESIAN_POINT('',(-144.47214361,-62.39128268,50.));
#996=CARTESIAN_POINT('',(-145.408258538,-57.668592706,-10.));
#997=CARTESIAN_POINT('',(-145.408258538,-57.668592706,50.));
#998=CARTESIAN_POINT('',(-145.5,-49.,-10.));
#999=CARTESIAN_POINT('',(-145.5,-49.,50.));
#1000=B_SPLINE_SURFACE_WITH_KNOTS('',4,1,((#984,#985),(#986,#987),(#988,#989),(#990,#991),(#992,#993),(#994,#995),(#996,#997),(#998,#999)),.UNSPECIFIED.,.F.,.F.,.U.,(5,1,1,1,5),(2,2),(0.,0.377056472,0.502741962,0.627056472,1.),(0.,1.),.UNSPECIFIED.);
#1001=CARTESIAN_POINT('',(-145.5,-49.,50.));
#1002=VERTEX_POINT('',#1001);
#1003=CARTESIAN_POINT('',(-137.387495374,-85.367314098,50.));
#1004=CARTESIAN_POINT('',(-141.006843002,-77.159581534,50.));
#1005=CARTESIAN_POINT('',(-142.258423972,-72.468376791,50.));
#1006=CARTESIAN_POINT('',(-143.001450929,-69.687636312,50.));
#1007=CARTESIAN_POINT('',(-143.984590958,-65.208766476,50.));
#1008=CARTESIAN_POINT('',(-144.47214361,-62.39128268,50.));
#1009=CARTESIAN_POINT('',(-145.408258538,-57.668592706,50.));
#1010=CARTESIAN_POINT('',(-145.5,-49.,50.));
#1011=B_SPLINE_CURVE_WITH_KNOTS('',4,(#1003,#1004,#1005,#1006,#1007,#1008,#1009,#1010),.UNSPECIFIED.,.F.,.F.,(5,1,1,1,5),(0.,0.377056472,0.502741962,0.627056472,1.),.UNSPECIFIED.);
#1012=EDGE_CURVE('',#959,#1002,#1011,.T.);
#1013=ORIENTED_EDGE('',*,*,#1012,.F.);
#1014=ORIENTED_EDGE('',*,*,#979,.F.);
#1015=CARTESIAN_POINT('',(-145.5,-49.,-10.));
#1016=VERTEX_POINT('',#1015);
#1017=CARTESIAN_POINT('',(-137.387495374,-85.367314098,-10.));
#1018=CARTESIAN_POINT('',(-141.006843002,-77.159581534,-10.));
#1019=CARTESIAN_POINT('',(-142.258423972,-72.468376791,-10.));
#1020=CARTESIAN_POINT('',(-143.001450929,-69.687636312,-10.));
#1021=CARTESIAN_POINT('',(-143.984590958,-65.208766476,-10.));
#1022=CARTESIAN_POINT('',(-144.47214361,-62.39128268,-10.));
#1023=CARTESIAN_POINT('',(-145.408258538,-57.668592706,-10.));
#1024=CARTESIAN_POINT('',(-145.5,-49.,-10.));
#1025=B_SPLINE_CURVE_WITH_KNOTS('',4,(#1017,#1018,#1019,#1020,#1021,#1022,#1023,#1024),.UNSPECIFIED.,.F.,.F.,(5,1,1,1,5),(0.,0.377056472,0.502741962,0.627056472,1.),.UNSPECIFIED.);
#1026=EDGE_CURVE('',#968,#1016,#1025,.T.);
#1027=ORIENTED_EDGE('',*,*,#1026,.T.);
#1028=CARTESIAN_POINT('',(-145.5,-49.,-10.));
#1029=DIRECTION('',(0.,0.,1.));
#1030=VECTOR('',#1029,60.);
#1031=LINE('',#1028,#1030);
#1032=EDGE_CURVE('',#1016,#1002,#1031,.T.);
#1033=ORIENTED_EDGE('',*,*,#1032,.T.);
#1034=EDGE_LOOP('',(#1013,#1014,#1027,#1033));
#1035=FACE_BOUND('',#1034,.T.);
#1036=ADVANCED_FACE('',(#1035),#1000,.T.);
#1037=CARTESIAN_POINT('',(-145.5,-49.,-10.));
#1038=DIRECTION('',(1.,0.,0.));
#1039=DIRECTION('',(-0.,1.,0.));
#1040=AXIS2_PLACEMENT_3D('',#1037,#1038,#1039);
#1041=PLANE('',#1040);
#1042=CARTESIAN_POINT('',(-145.5,1.5,50.));
#1043=VERTEX_POINT('',#1042);
#1044=CARTESIAN_POINT('',(-145.5,-49.,50.));
#1045=DIRECTION('',(-0.,1.,0.));
#1046=VECTOR('',#1045,50.5);
#1047=LINE('',#1044,#1046);
#1048=EDGE_CURVE('',#1002,#1043,#1047,.T.);
#1049=ORIENTED_EDGE('',*,*,#1048,.F.);
#1050=ORIENTED_EDGE('',*,*,#1032,.F.);
#1051=CARTESIAN_POINT('',(-145.5,1.5,-10.));
#1052=VERTEX_POINT('',#1051);
#1053=CARTESIAN_POINT('',(-145.5,-49.,-10.));
#1054=DIRECTION('',(-0.,1.,0.));
#1055=VECTOR('',#1054,50.5);
#1056=LINE('',#1053,#1055);
#1057=EDGE_CURVE('',#1016,#1052,#1056,.T.);
#1058=ORIENTED_EDGE('',*,*,#1057,.T.);
#1059=CARTESIAN_POINT('',(-145.5,1.5,-10.));
#1060=DIRECTION('',(0.,0.,1.));
#1061=VECTOR('',#1060,60.);
#1062=LINE('',#1059,#1061);
#1063=EDGE_CURVE('',#1052,#1043,#1062,.T.);
#1064=ORIENTED_EDGE('',*,*,#1063,.T.);
#1065=EDGE_LOOP('',(#1049,#1050,#1058,#1064));
#1066=FACE_BOUND('',#1065,.T.);
#1067=ADVANCED_FACE('',(#1066),#1041,.T.);
#1068=CARTESIAN_POINT('',(-144.5,1.5,-10.));
#1069=DIRECTION('',(0.,0.,1.));
#1070=DIRECTION('',(1.,0.,-0.));
#1071=AXIS2_PLACEMENT_3D('',#1068,#1069,#1070);
#1072=CYLINDRICAL_SURFACE('',#1071,1.);
#1073=CARTESIAN_POINT('',(-144.5,2.5,50.));
#1074=VERTEX_POINT('',#1073);
#1075=CARTESIAN_POINT('',(-144.5,1.5,50.));
#1076=DIRECTION('',(-0.,0.,-1.));
#1077=DIRECTION('',(-1.,-0.,0.));
#1078=AXIS2_PLACEMENT_3D('',#1075,#1076,#1077);
#1079=CIRCLE('',#1078,1.);
#1080=EDGE_CURVE('',#1043,#1074,#1079,.T.);
#1081=ORIENTED_EDGE('',*,*,#1080,.F.);
#1082=ORIENTED_EDGE('',*,*,#1063,.F.);
#1083=CARTESIAN_POINT('',(-144.5,2.5,-10.));
#1084=VERTEX_POINT('',#1083);
#1085=CARTESIAN_POINT('',(-144.5,1.5,-10.));
#1086=DIRECTION('',(-0.,0.,-1.));
#1087=DIRECTION('',(-1.,-0.,0.));
#1088=AXIS2_PLACEMENT_3D('',#1085,#1086,#1087);
#1089=CIRCLE('',#1088,1.);
#1090=EDGE_CURVE('',#1052,#1084,#1089,.T.);
#1091=ORIENTED_EDGE('',*,*,#1090,.T.);
#1092=CARTESIAN_POINT('',(-144.5,2.5,-10.));
#1093=DIRECTION('',(0.,0.,1.));
#1094=VECTOR('',#1093,60.);
#1095=LINE('',#1092,#1094);
#1096=EDGE_CURVE('',#1084,#1074,#1095,.T.);
#1097=ORIENTED_EDGE('',*,*,#1096,.T.);
#1098=EDGE_LOOP('',(#1081,#1082,#1091,#1097));
#1099=FACE_BOUND('',#1098,.T.);
#1100=ADVANCED_FACE('',(#1099),#1072,.F.);
#1101=CARTESIAN_POINT('',(-144.5,2.5,-10.));
#1102=DIRECTION('',(-0.,-1.,0.));
#1103=DIRECTION('',(1.,-0.,0.));
#1104=AXIS2_PLACEMENT_3D('',#1101,#1102,#1103);
#1105=PLANE('',#1104);
#1106=CARTESIAN_POINT('',(-53.,2.5,50.));
#1107=VERTEX_POINT('',#1106);
#1108=CARTESIAN_POINT('',(-144.5,2.5,50.));
#1109=DIRECTION('',(1.,-0.,0.));
#1110=VECTOR('',#1109,91.5);
#1111=LINE('',#1108,#1110);
#1112=EDGE_CURVE('',#1074,#1107,#1111,.T.);
#1113=ORIENTED_EDGE('',*,*,#1112,.F.);
#1114=ORIENTED_EDGE('',*,*,#1096,.F.);
#1115=CARTESIAN_POINT('',(-53.,2.5,-10.));
#1116=VERTEX_POINT('',#1115);
#1117=CARTESIAN_POINT('',(-144.5,2.5,-10.));
#1118=DIRECTION('',(1.,-0.,0.));
#1119=VECTOR('',#1118,91.5);
#1120=LINE('',#1117,#1119);
#1121=EDGE_CURVE('',#1084,#1116,#1120,.T.);
#1122=ORIENTED_EDGE('',*,*,#1121,.T.);
#1123=CARTESIAN_POINT('',(-53.,2.5,-10.));
#1124=DIRECTION('',(0.,0.,1.));
#1125=VECTOR('',#1124,60.);
#1126=LINE('',#1123,#1125);
#1127=EDGE_CURVE('',#1116,#1107,#1126,.T.);
#1128=ORIENTED_EDGE('',*,*,#1127,.T.);
#1129=EDGE_LOOP('',(#1113,#1114,#1122,#1128));
#1130=FACE_BOUND('',#1129,.T.);
#1131=ADVANCED_FACE('',(#1130),#1105,.T.);
#1132=CARTESIAN_POINT('',(-53.,2.5,-10.));
#1133=CARTESIAN_POINT('',(-53.,2.5,50.));
#1134=CARTESIAN_POINT('',(-31.975147391,1.66442242,-10.));
#1135=CARTESIAN_POINT('',(-31.975147391,1.66442242,50.));
#1136=CARTESIAN_POINT('',(-24.989722271,1.355430181,-10.));
#1137=CARTESIAN_POINT('',(-24.989722271,1.355430181,50.));
#1138=CARTESIAN_POINT('',(-18.347484221,0.919029794,-10.));
#1139=CARTESIAN_POINT('',(-18.347484221,0.919029794,50.));
#1140=CARTESIAN_POINT('',(-10.828458671,0.111680515,-10.));
#1141=CARTESIAN_POINT('',(-10.828458671,0.111680515,50.));
#1142=CARTESIAN_POINT('',(-5.736071462,-0.584254116,-10.));
#1143=CARTESIAN_POINT('',(-5.736071462,-0.584254116,50.));
#1144=CARTESIAN_POINT('',(1.985581655,-3.051434674,-10.));
#1145=CARTESIAN_POINT('',(1.985581655,-3.051434674,50.));
#1146=CARTESIAN_POINT('',(2.335350692,-5.142327132,-10.));
#1147=CARTESIAN_POINT('',(2.335350692,-5.142327132,50.));
#1148=CARTESIAN_POINT('',(2.445116897,-5.79850108,-10.));
#1149=CARTESIAN_POINT('',(2.445116897,-5.79850108,50.));
#1150=CARTESIAN_POINT('',(2.5,-6.126588055,-10.));
#1151=CARTESIAN_POINT('',(2.5,-6.126588055,50.));
#1152=B_SPLINE_SURFACE_WITH_KNOTS('',4,1,((#1132,#1133),(#1134,#1135),(#1136,#1137),(#1138,#1139),(#1140,#1141),(#1142,#1143),(#1144,#1145),(#1146,#1147),(#1148,#1149),(#1150,#1151)),.UNSPECIFIED.,.F.,.F.,.U.,(5,1,1,1,1,1,5),(2,2),(0.,0.489544212,0.558793437,0.628042661,0.883270555,0.941635278,1.),(0.,1.),.UNSPECIFIED.);
#1153=CARTESIAN_POINT('',(2.5,-6.126588055,50.));
#1154=VERTEX_POINT('',#1153);
#1155=CARTESIAN_POINT('',(-53.,2.5,50.));
#1156=CARTESIAN_POINT('',(-31.975147391,1.66442242,50.));
#1157=CARTESIAN_POINT('',(-24.989722271,1.355430181,50.));
#1158=CARTESIAN_POINT('',(-18.347484221,0.919029794,50.));
#1159=CARTESIAN_POINT('',(-10.828458671,0.111680515,50.));
#1160=CARTESIAN_POINT('',(-5.736071462,-0.584254116,50.));
#1161=CARTESIAN_POINT('',(1.985581655,-3.051434674,50.));
#1162=CARTESIAN_POINT('',(2.335350692,-5.142327132,50.));
#1163=CARTESIAN_POINT('',(2.445116897,-5.79850108,50.));
#1164=CARTESIAN_POINT('',(2.5,-6.126588055,50.));
#1165=B_SPLINE_CURVE_WITH_KNOTS('',4,(#1155,#1156,#1157,#1158,#1159,#1160,#1161,#1162,#1163,#1164),.UNSPECIFIED.,.F.,.F.,(5,1,1,1,1,1,5),(0.,0.489544212,0.558793437,0.628042661,0.883270555,0.941635278,1.),.UNSPECIFIED.);
#1166=EDGE_CURVE('',#1107,#1154,#1165,.T.);
#1167=ORIENTED_EDGE('',*,*,#1166,.F.);
#1168=ORIENTED_EDGE('',*,*,#1127,.F.);
#1169=CARTESIAN_POINT('',(2.5,-6.126588055,-10.));
#1170=VERTEX_POINT('',#1169);
#1171=CARTESIAN_POINT('',(-53.,2.5,-10.));
#1172=CARTESIAN_POINT('',(-31.975147391,1.66442242,-10.));
#1173=CARTESIAN_POINT('',(-24.989722271,1.355430181,-10.));
#1174=CARTESIAN_POINT('',(-18.347484221,0.919029794,-10.));
#1175=CARTESIAN_POINT('',(-10.828458671,0.111680515,-10.));
#1176=CARTESIAN_POINT('',(-5.736071462,-0.584254116,-10.));
#1177=CARTESIAN_POINT('',(1.985581655,-3.051434674,-10.));
#1178=CARTESIAN_POINT('',(2.335350692,-5.142327132,-10.));
#1179=CARTESIAN_POINT('',(2.445116897,-5.79850108,-10.));
#1180=CARTESIAN_POINT('',(2.5,-6.126588055,-10.));
#1181=B_SPLINE_CURVE_WITH_KNOTS('',4,(#1171,#1172,#1173,#1174,#1175,#1176,#1177,#1178,#1179,#1180),.UNSPECIFIED.,.F.,.F.,(5,1,1,1,1,1,5),(0.,0.489544212,0.558793437,0.628042661,0.883270555,0.941635278,1.),.UNSPECIFIED.);
#1182=EDGE_CURVE('',#1116,#1170,#1181,.T.);
#1183=ORIENTED_EDGE('',*,*,#1182,.T.);
#1184=CARTESIAN_POINT('',(2.5,-6.126588055,-10.));
#1185=DIRECTION('',(0.,0.,1.));
#1186=VECTOR('',#1185,60.);
#1187=LINE('',#1184,#1186);
#1188=EDGE_CURVE('',#1170,#1154,#1187,.T.);
#1189=ORIENTED_EDGE('',*,*,#1188,.T.);
#1190=EDGE_LOOP('',(#1167,#1168,#1183,#1189));
#1191=FACE_BOUND('',#1190,.T.);
#1192=ADVANCED_FACE('',(#1191),#1152,.T.);
#1193=CARTESIAN_POINT('',(-10.5,1.852468245,-10.));
#1194=CARTESIAN_POINT('',(-10.5,1.852468245,50.));
#1195=CARTESIAN_POINT('',(-5.315306069,1.073406749,-10.));
#1196=CARTESIAN_POINT('',(-5.315306069,1.073406749,50.));
#1197=CARTESIAN_POINT('',(4.73777868,-0.55252764,-10.));
#1198=CARTESIAN_POINT('',(4.73777868,-0.55252764,50.));
#1199=CARTESIAN_POINT('',(4.5,-6.126588055,-10.));
#1200=CARTESIAN_POINT('',(4.5,-6.126588055,50.));
#1201=B_SPLINE_SURFACE_WITH_KNOTS('',3,1,((#1193,#1194),(#1195,#1196),(#1197,#1198),(#1199,#1200)),.UNSPECIFIED.,.F.,.F.,.U.,(4,4),(2,2),(0.,1.),(0.,1.),.UNSPECIFIED.);
#1202=CARTESIAN_POINT('',(-10.5,1.852468245,50.));
#1203=VERTEX_POINT('',#1202);
#1204=CARTESIAN_POINT('',(4.5,-6.126588055,50.));
#1205=VERTEX_POINT('',#1204);
#1206=CARTESIAN_POINT('',(-10.5,1.852468245,50.));
#1207=CARTESIAN_POINT('',(-5.315306069,1.073406749,50.));
#1208=CARTESIAN_POINT('',(4.73777868,-0.55252764,50.));
#1209=CARTESIAN_POINT('',(4.5,-6.126588055,50.));
#1210=B_SPLINE_CURVE_WITH_KNOTS('',3,(#1206,#1207,#1208,#1209),.UNSPECIFIED.,.F.,.F.,(4,4),(0.,1.),.UNSPECIFIED.);
#1211=EDGE_CURVE('',#1203,#1205,#1210,.T.);
#1212=ORIENTED_EDGE('',*,*,#1211,.T.);
#1213=CARTESIAN_POINT('',(4.5,-6.126588055,-10.));
#1214=VERTEX_POINT('',#1213);
#1215=CARTESIAN_POINT('',(4.5,-6.126588055,-10.));
#1216=DIRECTION('',(0.,0.,1.));
#1217=VECTOR('',#1216,60.);
#1218=LINE('',#1215,#1217);
#1219=EDGE_CURVE('',#1214,#1205,#1218,.T.);
#1220=ORIENTED_EDGE('',*,*,#1219,.F.);
#1221=CARTESIAN_POINT('',(-10.5,1.852468245,-10.));
#1222=VERTEX_POINT('',#1221);
#1223=CARTESIAN_POINT('',(-10.5,1.852468245,-10.));
#1224=CARTESIAN_POINT('',(-5.315306069,1.073406749,-10.));
#1225=CARTESIAN_POINT('',(4.73777868,-0.55252764,-10.));
#1226=CARTESIAN_POINT('',(4.5,-6.126588055,-10.));
#1227=B_SPLINE_CURVE_WITH_KNOTS('',3,(#1223,#1224,#1225,#1226),.UNSPECIFIED.,.F.,.F.,(4,4),(0.,1.),.UNSPECIFIED.);
#1228=EDGE_CURVE('',#1222,#1214,#1227,.T.);
#1229=ORIENTED_EDGE('',*,*,#1228,.F.);
#1230=CARTESIAN_POINT('',(-10.5,1.852468245,-10.));
#1231=DIRECTION('',(0.,0.,1.));
#1232=VECTOR('',#1231,60.);
#1233=LINE('',#1230,#1232);
#1234=EDGE_CURVE('',#1222,#1203,#1233,.T.);
#1235=ORIENTED_EDGE('',*,*,#1234,.T.);
#1236=EDGE_LOOP('',(#1212,#1220,#1229,#1235));
#1237=FACE_BOUND('',#1236,.T.);
#1238=ADVANCED_FACE('',(#1237),#1201,.F.);
#1239=CARTESIAN_POINT('',(-10.5,6.253246017,-10.));
#1240=DIRECTION('',(-1.,-0.,0.));
#1241=DIRECTION('',(0.,-1.,0.));
#1242=AXIS2_PLACEMENT_3D('',#1239,#1240,#1241);
#1243=PLANE('',#1242);
#1244=CARTESIAN_POINT('',(-10.5,6.253246017,50.));
#1245=VERTEX_POINT('',#1244);
#1246=CARTESIAN_POINT('',(-10.5,6.253246017,50.));
#1247=DIRECTION('',(0.,-1.,0.));
#1248=VECTOR('',#1247,4.400777771);
#1249=LINE('',#1246,#1248);
#1250=EDGE_CURVE('',#1245,#1203,#1249,.T.);
#1251=ORIENTED_EDGE('',*,*,#1250,.T.);
#1252=ORIENTED_EDGE('',*,*,#1234,.F.);
#1253=CARTESIAN_POINT('',(-10.5,6.253246017,-10.));
#1254=VERTEX_POINT('',#1253);
#1255=CARTESIAN_POINT('',(-10.5,6.253246017,-10.));
#1256=DIRECTION('',(0.,-1.,0.));
#1257=VECTOR('',#1256,4.400777771);
#1258=LINE('',#1255,#1257);
#1259=EDGE_CURVE('',#1254,#1222,#1258,.T.);
#1260=ORIENTED_EDGE('',*,*,#1259,.F.);
#1261=CARTESIAN_POINT('',(-10.5,6.253246017,-10.));
#1262=DIRECTION('',(0.,0.,1.));
#1263=VECTOR('',#1262,60.);
#1264=LINE('',#1261,#1263);
#1265=EDGE_CURVE('',#1254,#1245,#1264,.T.);
#1266=ORIENTED_EDGE('',*,*,#1265,.T.);
#1267=EDGE_LOOP('',(#1251,#1252,#1260,#1266));
#1268=FACE_BOUND('',#1267,.T.);
#1269=ADVANCED_FACE('',(#1268),#1243,.F.);
#1270=CARTESIAN_POINT('',(-13.746753983,6.253246017,-10.));
#1271=DIRECTION('',(0.,0.,1.));
#1272=DIRECTION('',(1.,0.,-0.));
#1273=AXIS2_PLACEMENT_3D('',#1270,#1271,#1272);
#1274=CYLINDRICAL_SURFACE('',#1273,3.246753983);
#1275=CARTESIAN_POINT('',(-13.746753983,9.5,50.));
#1276=VERTEX_POINT('',#1275);
#1277=CARTESIAN_POINT('',(-13.746753983,6.253246017,50.));
#1278=DIRECTION('',(-0.,0.,-1.));
#1279=DIRECTION('',(-1.,-0.,0.));
#1280=AXIS2_PLACEMENT_3D('',#1277,#1278,#1279);
#1281=CIRCLE('',#1280,3.246753983);
#1282=EDGE_CURVE('',#1276,#1245,#1281,.T.);
#1283=ORIENTED_EDGE('',*,*,#1282,.T.);
#1284=ORIENTED_EDGE('',*,*,#1265,.F.);
#1285=CARTESIAN_POINT('',(-13.746753983,9.5,-10.));
#1286=VERTEX_POINT('',#1285);
#1287=CARTESIAN_POINT('',(-13.746753983,6.253246017,-10.));
#1288=DIRECTION('',(-0.,0.,-1.));
#1289=DIRECTION('',(-1.,-0.,0.));
#1290=AXIS2_PLACEMENT_3D('',#1287,#1288,#1289);
#1291=CIRCLE('',#1290,3.246753983);
#1292=EDGE_CURVE('',#1286,#1254,#1291,.T.);
#1293=ORIENTED_EDGE('',*,*,#1292,.F.);
#1294=CARTESIAN_POINT('',(-13.746753983,9.5,-10.));
#1295=DIRECTION('',(0.,0.,1.));
#1296=VECTOR('',#1295,60.);
#1297=LINE('',#1294,#1296);
#1298=EDGE_CURVE('',#1286,#1276,#1297,.T.);
#1299=ORIENTED_EDGE('',*,*,#1298,.T.);
#1300=EDGE_LOOP('',(#1283,#1284,#1293,#1299));
#1301=FACE_BOUND('',#1300,.T.);
#1302=ADVANCED_FACE('',(#1301),#1274,.T.);
#1303=CARTESIAN_POINT('',(-40.5,9.5,-10.));
#1304=DIRECTION('',(0.,-1.,0.));
#1305=DIRECTION('',(1.,0.,0.));
#1306=AXIS2_PLACEMENT_3D('',#1303,#1304,#1305);
#1307=PLANE('',#1306);
#1308=CARTESIAN_POINT('',(-40.5,9.5,50.));
#1309=VERTEX_POINT('',#1308);
#1310=CARTESIAN_POINT('',(-40.5,9.5,50.));
#1311=DIRECTION('',(1.,0.,0.));
#1312=VECTOR('',#1311,26.753246017);
#1313=LINE('',#1310,#1312);
#1314=EDGE_CURVE('',#1309,#1276,#1313,.T.);
#1315=ORIENTED_EDGE('',*,*,#1314,.T.);
#1316=ORIENTED_EDGE('',*,*,#1298,.F.);
#1317=CARTESIAN_POINT('',(-40.5,9.5,-10.));
#1318=VERTEX_POINT('',#1317);
#1319=CARTESIAN_POINT('',(-40.5,9.5,-10.));
#1320=DIRECTION('',(1.,0.,0.));
#1321=VECTOR('',#1320,26.753246017);
#1322=LINE('',#1319,#1321);
#1323=EDGE_CURVE('',#1318,#1286,#1322,.T.);
#1324=ORIENTED_EDGE('',*,*,#1323,.F.);
#1325=CARTESIAN_POINT('',(-40.5,9.5,-10.));
#1326=DIRECTION('',(0.,0.,1.));
#1327=VECTOR('',#1326,60.);
#1328=LINE('',#1325,#1327);
#1329=EDGE_CURVE('',#1318,#1309,#1328,.T.);
#1330=ORIENTED_EDGE('',*,*,#1329,.T.);
#1331=EDGE_LOOP('',(#1315,#1316,#1324,#1330));
#1332=FACE_BOUND('',#1331,.T.);
#1333=ADVANCED_FACE('',(#1332),#1307,.F.);
#1334=CARTESIAN_POINT('',(-40.5,5.5,-10.));
#1335=DIRECTION('',(0.,0.,1.));
#1336=DIRECTION('',(1.,0.,-0.));
#1337=AXIS2_PLACEMENT_3D('',#1334,#1335,#1336);
#1338=CYLINDRICAL_SURFACE('',#1337,4.);
#1339=CARTESIAN_POINT('',(-44.5,5.5,50.));
#1340=VERTEX_POINT('',#1339);
#1341=CARTESIAN_POINT('',(-40.5,5.5,50.));
#1342=DIRECTION('',(-0.,0.,-1.));
#1343=DIRECTION('',(-1.,-0.,0.));
#1344=AXIS2_PLACEMENT_3D('',#1341,#1342,#1343);
#1345=CIRCLE('',#1344,4.);
#1346=EDGE_CURVE('',#1340,#1309,#1345,.T.);
#1347=ORIENTED_EDGE('',*,*,#1346,.T.);
#1348=ORIENTED_EDGE('',*,*,#1329,.F.);
#1349=CARTESIAN_POINT('',(-44.5,5.5,-10.));
#1350=VERTEX_POINT('',#1349);
#1351=CARTESIAN_POINT('',(-40.5,5.5,-10.));
#1352=DIRECTION('',(-0.,0.,-1.));
#1353=DIRECTION('',(-1.,-0.,0.));
#1354=AXIS2_PLACEMENT_3D('',#1351,#1352,#1353);
#1355=CIRCLE('',#1354,4.);
#1356=EDGE_CURVE('',#1350,#1318,#1355,.T.);
#1357=ORIENTED_EDGE('',*,*,#1356,.F.);
#1358=CARTESIAN_POINT('',(-44.5,5.5,-10.));
#1359=DIRECTION('',(0.,0.,1.));
#1360=VECTOR('',#1359,60.);
#1361=LINE('',#1358,#1360);
#1362=EDGE_CURVE('',#1350,#1340,#1361,.T.);
#1363=ORIENTED_EDGE('',*,*,#1362,.T.);
#1364=EDGE_LOOP('',(#1347,#1348,#1357,#1363));
#1365=FACE_BOUND('',#1364,.T.);
#1366=ADVANCED_FACE('',(#1365),#1338,.T.);
#1367=CARTESIAN_POINT('',(-44.5,4.5,-10.));
#1368=DIRECTION('',(1.,0.,0.));
#1369=DIRECTION('',(-0.,1.,0.));
#1370=AXIS2_PLACEMENT_3D('',#1367,#1368,#1369);
#1371=PLANE('',#1370);
#1372=CARTESIAN_POINT('',(-44.5,4.5,50.));
#1373=VERTEX_POINT('',#1372);
#1374=CARTESIAN_POINT('',(-44.5,4.5,50.));
#1375=DIRECTION('',(-0.,1.,0.));
#1376=VECTOR('',#1375,1.);
#1377=LINE('',#1374,#1376);
#1378=EDGE_CURVE('',#1373,#1340,#1377,.T.);
#1379=ORIENTED_EDGE('',*,*,#1378,.T.);
#1380=ORIENTED_EDGE('',*,*,#1362,.F.);
#1381=CARTESIAN_POINT('',(-44.5,4.5,-10.));
#1382=VERTEX_POINT('',#1381);
#1383=CARTESIAN_POINT('',(-44.5,4.5,-10.));
#1384=DIRECTION('',(-0.,1.,0.));
#1385=VECTOR('',#1384,1.);
#1386=LINE('',#1383,#1385);
#1387=EDGE_CURVE('',#1382,#1350,#1386,.T.);
#1388=ORIENTED_EDGE('',*,*,#1387,.F.);
#1389=CARTESIAN_POINT('',(-44.5,4.5,-10.));
#1390=DIRECTION('',(0.,0.,1.));
#1391=VECTOR('',#1390,60.);
#1392=LINE('',#1389,#1391);
#1393=EDGE_CURVE('',#1382,#1373,#1392,.T.);
#1394=ORIENTED_EDGE('',*,*,#1393,.T.);
#1395=EDGE_LOOP('',(#1379,#1380,#1388,#1394));
#1396=FACE_BOUND('',#1395,.T.);
#1397=ADVANCED_FACE('',(#1396),#1371,.F.);
#1398=CARTESIAN_POINT('',(-73.794228634,4.5,-10.));
#1399=DIRECTION('',(0.,-1.,0.));
#1400=DIRECTION('',(1.,0.,0.));
#1401=AXIS2_PLACEMENT_3D('',#1398,#1399,#1400);
#1402=PLANE('',#1401);
#1403=CARTESIAN_POINT('',(-73.794228634,4.5,50.));
#1404=VERTEX_POINT('',#1403);
#1405=CARTESIAN_POINT('',(-73.794228634,4.5,50.));
#1406=DIRECTION('',(1.,0.,0.));
#1407=VECTOR('',#1406,29.294228634);
#1408=LINE('',#1405,#1407);
#1409=EDGE_CURVE('',#1404,#1373,#1408,.T.);
#1410=ORIENTED_EDGE('',*,*,#1409,.T.);
#1411=ORIENTED_EDGE('',*,*,#1393,.F.);
#1412=CARTESIAN_POINT('',(-73.794228634,4.5,-10.));
#1413=VERTEX_POINT('',#1412);
#1414=CARTESIAN_POINT('',(-73.794228634,4.5,-10.));
#1415=DIRECTION('',(1.,0.,0.));
#1416=VECTOR('',#1415,29.294228634);
#1417=LINE('',#1414,#1416);
#1418=EDGE_CURVE('',#1413,#1382,#1417,.T.);
#1419=ORIENTED_EDGE('',*,*,#1418,.F.);
#1420=CARTESIAN_POINT('',(-73.794228634,4.5,-10.));
#1421=DIRECTION('',(0.,0.,1.));
#1422=VECTOR('',#1421,60.);
#1423=LINE('',#1420,#1422);
#1424=EDGE_CURVE('',#1413,#1404,#1423,.T.);
#1425=ORIENTED_EDGE('',*,*,#1424,.T.);
#1426=EDGE_LOOP('',(#1410,#1411,#1419,#1425));
#1427=FACE_BOUND('',#1426,.T.);
#1428=ADVANCED_FACE('',(#1427),#1402,.F.);
#1429=CARTESIAN_POINT('',(-73.794228634,5.5,-10.));
#1430=DIRECTION('',(-1.,0.,0.));
#1431=DIRECTION('',(-0.,-1.,0.));
#1432=AXIS2_PLACEMENT_3D('',#1429,#1430,#1431);
#1433=PLANE('',#1432);
#1434=CARTESIAN_POINT('',(-73.794228634,5.5,50.));
#1435=VERTEX_POINT('',#1434);
#1436=CARTESIAN_POINT('',(-73.794228634,5.5,50.));
#1437=DIRECTION('',(-0.,-1.,0.));
#1438=VECTOR('',#1437,1.);
#1439=LINE('',#1436,#1438);
#1440=EDGE_CURVE('',#1435,#1404,#1439,.T.);
#1441=ORIENTED_EDGE('',*,*,#1440,.T.);
#1442=ORIENTED_EDGE('',*,*,#1424,.F.);
#1443=CARTESIAN_POINT('',(-73.794228634,5.5,-10.));
#1444=VERTEX_POINT('',#1443);
#1445=CARTESIAN_POINT('',(-73.794228634,5.5,-10.));
#1446=DIRECTION('',(-0.,-1.,0.));
#1447=VECTOR('',#1446,1.);
#1448=LINE('',#1445,#1447);
#1449=EDGE_CURVE('',#1444,#1413,#1448,.T.);
#1450=ORIENTED_EDGE('',*,*,#1449,.F.);
#1451=CARTESIAN_POINT('',(-73.794228634,5.5,-10.));
#1452=DIRECTION('',(0.,0.,1.));
#1453=VECTOR('',#1452,60.);
#1454=LINE('',#1451,#1453);
#1455=EDGE_CURVE('',#1444,#1435,#1454,.T.);
#1456=ORIENTED_EDGE('',*,*,#1455,.T.);
#1457=EDGE_LOOP('',(#1441,#1442,#1450,#1456));
#1458=FACE_BOUND('',#1457,.T.);
#1459=ADVANCED_FACE('',(#1458),#1433,.F.);
#1460=CARTESIAN_POINT('',(-77.794228634,5.5,-10.));
#1461=DIRECTION('',(0.,0.,1.));
#1462=DIRECTION('',(1.,0.,-0.));
#1463=AXIS2_PLACEMENT_3D('',#1460,#1461,#1462);
#1464=CYLINDRICAL_SURFACE('',#1463,4.);
#1465=CARTESIAN_POINT('',(-77.794228634,9.5,50.));
#1466=VERTEX_POINT('',#1465);
#1467=CARTESIAN_POINT('',(-77.794228634,5.5,50.));
#1468=DIRECTION('',(0.,0.,-1.));
#1469=DIRECTION('',(0.,-1.,0.));
#1470=AXIS2_PLACEMENT_3D('',#1467,#1468,#1469);
#1471=CIRCLE('',#1470,4.);
#1472=EDGE_CURVE('',#1466,#1435,#1471,.T.);
#1473=ORIENTED_EDGE('',*,*,#1472,.T.);
#1474=ORIENTED_EDGE('',*,*,#1455,.F.);
#1475=CARTESIAN_POINT('',(-77.794228634,9.5,-10.));
#1476=VERTEX_POINT('',#1475);
#1477=CARTESIAN_POINT('',(-77.794228634,5.5,-10.));
#1478=DIRECTION('',(0.,0.,-1.));
#1479=DIRECTION('',(0.,-1.,0.));
#1480=AXIS2_PLACEMENT_3D('',#1477,#1478,#1479);
#1481=CIRCLE('',#1480,4.);
#1482=EDGE_CURVE('',#1476,#1444,#1481,.T.);
#1483=ORIENTED_EDGE('',*,*,#1482,.F.);
#1484=CARTESIAN_POINT('',(-77.794228634,9.5,-10.));
#1485=DIRECTION('',(0.,0.,1.));
#1486=VECTOR('',#1485,60.);
#1487=LINE('',#1484,#1486);
#1488=EDGE_CURVE('',#1476,#1466,#1487,.T.);
#1489=ORIENTED_EDGE('',*,*,#1488,.T.);
#1490=EDGE_LOOP('',(#1473,#1474,#1483,#1489));
#1491=FACE_BOUND('',#1490,.T.);
#1492=ADVANCED_FACE('',(#1491),#1464,.T.);
#1493=CARTESIAN_POINT('',(-103.794228634,9.5,-10.));
#1494=DIRECTION('',(0.,-1.,0.));
#1495=DIRECTION('',(1.,0.,0.));
#1496=AXIS2_PLACEMENT_3D('',#1493,#1494,#1495);
#1497=PLANE('',#1496);
#1498=CARTESIAN_POINT('',(-103.794228634,9.5,50.));
#1499=VERTEX_POINT('',#1498);
#1500=CARTESIAN_POINT('',(-103.794228634,9.5,50.));
#1501=DIRECTION('',(1.,0.,0.));
#1502=VECTOR('',#1501,26.);
#1503=LINE('',#1500,#1502);
#1504=EDGE_CURVE('',#1499,#1466,#1503,.T.);
#1505=ORIENTED_EDGE('',*,*,#1504,.T.);
#1506=ORIENTED_EDGE('',*,*,#1488,.F.);
#1507=CARTESIAN_POINT('',(-103.794228634,9.5,-10.));
#1508=VERTEX_POINT('',#1507);
#1509=CARTESIAN_POINT('',(-103.794228634,9.5,-10.));
#1510=DIRECTION('',(1.,0.,0.));
#1511=VECTOR('',#1510,26.);
#1512=LINE('',#1509,#1511);
#1513=EDGE_CURVE('',#1508,#1476,#1512,.T.);
#1514=ORIENTED_EDGE('',*,*,#1513,.F.);
#1515=CARTESIAN_POINT('',(-103.794228634,9.5,-10.));
#1516=DIRECTION('',(0.,0.,1.));
#1517=VECTOR('',#1516,60.);
#1518=LINE('',#1515,#1517);
#1519=EDGE_CURVE('',#1508,#1499,#1518,.T.);
#1520=ORIENTED_EDGE('',*,*,#1519,.T.);
#1521=EDGE_LOOP('',(#1505,#1506,#1514,#1520));
#1522=FACE_BOUND('',#1521,.T.);
#1523=ADVANCED_FACE('',(#1522),#1497,.F.);
#1524=CARTESIAN_POINT('',(-103.794228634,5.5,-10.));
#1525=DIRECTION('',(0.,0.,1.));
#1526=DIRECTION('',(1.,0.,-0.));
#1527=AXIS2_PLACEMENT_3D('',#1524,#1525,#1526);
#1528=CYLINDRICAL_SURFACE('',#1527,4.);
#1529=CARTESIAN_POINT('',(-107.794228634,5.5,50.));
#1530=VERTEX_POINT('',#1529);
#1531=CARTESIAN_POINT('',(-103.794228634,5.5,50.));
#1532=DIRECTION('',(-0.,0.,-1.));
#1533=DIRECTION('',(-1.,-0.,0.));
#1534=AXIS2_PLACEMENT_3D('',#1531,#1532,#1533);
#1535=CIRCLE('',#1534,4.);
#1536=EDGE_CURVE('',#1530,#1499,#1535,.T.);
#1537=ORIENTED_EDGE('',*,*,#1536,.T.);
#1538=ORIENTED_EDGE('',*,*,#1519,.F.);
#1539=CARTESIAN_POINT('',(-107.794228634,5.5,-10.));
#1540=VERTEX_POINT('',#1539);
#1541=CARTESIAN_POINT('',(-103.794228634,5.5,-10.));
#1542=DIRECTION('',(-0.,0.,-1.));
#1543=DIRECTION('',(-1.,-0.,0.));
#1544=AXIS2_PLACEMENT_3D('',#1541,#1542,#1543);
#1545=CIRCLE('',#1544,4.);
#1546=EDGE_CURVE('',#1540,#1508,#1545,.T.);
#1547=ORIENTED_EDGE('',*,*,#1546,.F.);
#1548=CARTESIAN_POINT('',(-107.794228634,5.5,-10.));
#1549=DIRECTION('',(0.,0.,1.));
#1550=VECTOR('',#1549,60.);
#1551=LINE('',#1548,#1550);
#1552=EDGE_CURVE('',#1540,#1530,#1551,.T.);
#1553=ORIENTED_EDGE('',*,*,#1552,.T.);
#1554=EDGE_LOOP('',(#1537,#1538,#1547,#1553));
#1555=FACE_BOUND('',#1554,.T.);
#1556=ADVANCED_FACE('',(#1555),#1528,.T.);
#1557=CARTESIAN_POINT('',(-107.794228634,4.5,-10.));
#1558=DIRECTION('',(1.,0.,0.));
#1559=DIRECTION('',(-0.,1.,0.));
#1560=AXIS2_PLACEMENT_3D('',#1557,#1558,#1559);
#1561=PLANE('',#1560);
#1562=CARTESIAN_POINT('',(-107.794228634,4.5,50.));
#1563=VERTEX_POINT('',#1562);
#1564=CARTESIAN_POINT('',(-107.794228634,4.5,50.));
#1565=DIRECTION('',(-0.,1.,0.));
#1566=VECTOR('',#1565,1.);
#1567=LINE('',#1564,#1566);
#1568=EDGE_CURVE('',#1563,#1530,#1567,.T.);
#1569=ORIENTED_EDGE('',*,*,#1568,.T.);
#1570=ORIENTED_EDGE('',*,*,#1552,.F.);
#1571=CARTESIAN_POINT('',(-107.794228634,4.5,-10.));
#1572=VERTEX_POINT('',#1571);
#1573=CARTESIAN_POINT('',(-107.794228634,4.5,-10.));
#1574=DIRECTION('',(-0.,1.,0.));
#1575=VECTOR('',#1574,1.);
#1576=LINE('',#1573,#1575);
#1577=EDGE_CURVE('',#1572,#1540,#1576,.T.);
#1578=ORIENTED_EDGE('',*,*,#1577,.F.);
#1579=CARTESIAN_POINT('',(-107.794228634,4.5,-10.));
#1580=DIRECTION('',(0.,0.,1.));
#1581=VECTOR('',#1580,60.);
#1582=LINE('',#1579,#1581);
#1583=EDGE_CURVE('',#1572,#1563,#1582,.T.);
#1584=ORIENTED_EDGE('',*,*,#1583,.T.);
#1585=EDGE_LOOP('',(#1569,#1570,#1578,#1584));
#1586=FACE_BOUND('',#1585,.T.);
#1587=ADVANCED_FACE('',(#1586),#1561,.F.);
#1588=CARTESIAN_POINT('',(-145.5,4.5,-10.));
#1589=DIRECTION('',(0.,-1.,0.));
#1590=DIRECTION('',(1.,0.,0.));
#1591=AXIS2_PLACEMENT_3D('',#1588,#1589,#1590);
#1592=PLANE('',#1591);
#1593=CARTESIAN_POINT('',(-145.5,4.5,50.));
#1594=VERTEX_POINT('',#1593);
#1595=CARTESIAN_POINT('',(-145.5,4.5,50.));
#1596=DIRECTION('',(1.,0.,0.));
#1597=VECTOR('',#1596,37.705771366);
#1598=LINE('',#1595,#1597);
#1599=EDGE_CURVE('',#1594,#1563,#1598,.T.);
#1600=ORIENTED_EDGE('',*,*,#1599,.T.);
#1601=ORIENTED_EDGE('',*,*,#1583,.F.);
#1602=CARTESIAN_POINT('',(-145.5,4.5,-10.));
#1603=VERTEX_POINT('',#1602);
#1604=CARTESIAN_POINT('',(-145.5,4.5,-10.));
#1605=DIRECTION('',(1.,0.,0.));
#1606=VECTOR('',#1605,37.705771366);
#1607=LINE('',#1604,#1606);
#1608=EDGE_CURVE('',#1603,#1572,#1607,.T.);
#1609=ORIENTED_EDGE('',*,*,#1608,.F.);
#1610=CARTESIAN_POINT('',(-145.5,4.5,-10.));
#1611=DIRECTION('',(0.,0.,1.));
#1612=VECTOR('',#1611,60.);
#1613=LINE('',#1610,#1612);
#1614=EDGE_CURVE('',#1603,#1594,#1613,.T.);
#1615=ORIENTED_EDGE('',*,*,#1614,.T.);
#1616=EDGE_LOOP('',(#1600,#1601,#1609,#1615));
#1617=FACE_BOUND('',#1616,.T.);
#1618=ADVANCED_FACE('',(#1617),#1592,.F.);
#1619=CARTESIAN_POINT('',(-145.5,2.5,-10.));
#1620=DIRECTION('',(0.,0.,1.));
#1621=DIRECTION('',(1.,0.,-0.));
#1622=AXIS2_PLACEMENT_3D('',#1619,#1620,#1621);
#1623=CYLINDRICAL_SURFACE('',#1622,2.);
#1624=CARTESIAN_POINT('',(-147.5,2.5,50.));
#1625=VERTEX_POINT('',#1624);
#1626=CARTESIAN_POINT('',(-145.5,2.5,50.));
#1627=DIRECTION('',(0.,0.,-1.));
#1628=DIRECTION('',(0.,-1.,0.));
#1629=AXIS2_PLACEMENT_3D('',#1626,#1627,#1628);
#1630=CIRCLE('',#1629,2.);
#1631=EDGE_CURVE('',#1625,#1594,#1630,.T.);
#1632=ORIENTED_EDGE('',*,*,#1631,.T.);
#1633=ORIENTED_EDGE('',*,*,#1614,.F.);
#1634=CARTESIAN_POINT('',(-147.5,2.5,-10.));
#1635=VERTEX_POINT('',#1634);
#1636=CARTESIAN_POINT('',(-145.5,2.5,-10.));
#1637=DIRECTION('',(0.,0.,-1.));
#1638=DIRECTION('',(0.,-1.,0.));
#1639=AXIS2_PLACEMENT_3D('',#1636,#1637,#1638);
#1640=CIRCLE('',#1639,2.);
#1641=EDGE_CURVE('',#1635,#1603,#1640,.T.);
#1642=ORIENTED_EDGE('',*,*,#1641,.F.);
#1643=CARTESIAN_POINT('',(-147.5,2.5,-10.));
#1644=DIRECTION('',(0.,0.,1.));
#1645=VECTOR('',#1644,60.);
#1646=LINE('',#1643,#1645);
#1647=EDGE_CURVE('',#1635,#1625,#1646,.T.);
#1648=ORIENTED_EDGE('',*,*,#1647,.T.);
#1649=EDGE_LOOP('',(#1632,#1633,#1642,#1648));
#1650=FACE_BOUND('',#1649,.T.);
#1651=ADVANCED_FACE('',(#1650),#1623,.T.);
#1652=CARTESIAN_POINT('',(-147.5,-49.,-10.));
#1653=DIRECTION('',(1.,0.,0.));
#1654=DIRECTION('',(-0.,1.,0.));
#1655=AXIS2_PLACEMENT_3D('',#1652,#1653,#1654);
#1656=PLANE('',#1655);
#1657=CARTESIAN_POINT('',(-147.5,-49.,50.));
#1658=VERTEX_POINT('',#1657);
#1659=CARTESIAN_POINT('',(-147.5,-49.,50.));
#1660=DIRECTION('',(-0.,1.,0.));
#1661=VECTOR('',#1660,51.5);
#1662=LINE('',#1659,#1661);
#1663=EDGE_CURVE('',#1658,#1625,#1662,.T.);
#1664=ORIENTED_EDGE('',*,*,#1663,.T.);
#1665=ORIENTED_EDGE('',*,*,#1647,.F.);
#1666=CARTESIAN_POINT('',(-147.5,-49.,-10.));
#1667=VERTEX_POINT('',#1666);
#1668=CARTESIAN_POINT('',(-147.5,-49.,-10.));
#1669=DIRECTION('',(-0.,1.,0.));
#1670=VECTOR('',#1669,51.5);
#1671=LINE('',#1668,#1670);
#1672=EDGE_CURVE('',#1667,#1635,#1671,.T.);
#1673=ORIENTED_EDGE('',*,*,#1672,.F.);
#1674=CARTESIAN_POINT('',(-147.5,-49.,-10.));
#1675=DIRECTION('',(0.,0.,1.));
#1676=VECTOR('',#1675,60.);
#1677=LINE('',#1674,#1676);
#1678=EDGE_CURVE('',#1667,#1658,#1677,.T.);
#1679=ORIENTED_EDGE('',*,*,#1678,.T.);
#1680=EDGE_LOOP('',(#1664,#1665,#1673,#1679));
#1681=FACE_BOUND('',#1680,.T.);
#1682=ADVANCED_FACE('',(#1681),#1656,.F.);
#1683=CARTESIAN_POINT('',(-139.04293994,-86.5,-10.));
#1684=CARTESIAN_POINT('',(-139.04293994,-86.5,50.));
#1685=CARTESIAN_POINT('',(-147.710547945,-68.664892377,-10.));
#1686=CARTESIAN_POINT('',(-147.710547945,-68.664892377,50.));
#1687=CARTESIAN_POINT('',(-147.5,-49.,-10.));
#1688=CARTESIAN_POINT('',(-147.5,-49.,50.));
#1689=B_SPLINE_SURFACE_WITH_KNOTS('',2,1,((#1683,#1684),(#1685,#1686),(#1687,#1688)),.UNSPECIFIED.,.F.,.F.,.U.,(3,3),(2,2),(0.,1.),(0.,1.),.UNSPECIFIED.);
#1690=CARTESIAN_POINT('',(-139.04293994,-86.5,50.));
#1691=VERTEX_POINT('',#1690);
#1692=CARTESIAN_POINT('',(-139.04293994,-86.5,50.));
#1693=CARTESIAN_POINT('',(-147.710547945,-68.664892377,50.));
#1694=CARTESIAN_POINT('',(-147.5,-49.,50.));
#1695=B_SPLINE_CURVE_WITH_KNOTS('',2,(#1692,#1693,#1694),.UNSPECIFIED.,.F.,.F.,(3,3),(0.,1.),.UNSPECIFIED.);
#1696=EDGE_CURVE('',#1691,#1658,#1695,.T.);
#1697=ORIENTED_EDGE('',*,*,#1696,.T.);
#1698=ORIENTED_EDGE('',*,*,#1678,.F.);
#1699=CARTESIAN_POINT('',(-139.04293994,-86.5,-10.));
#1700=VERTEX_POINT('',#1699);
#1701=CARTESIAN_POINT('',(-139.04293994,-86.5,-10.));
#1702=CARTESIAN_POINT('',(-147.710547945,-68.664892377,-10.));
#1703=CARTESIAN_POINT('',(-147.5,-49.,-10.));
#1704=B_SPLINE_CURVE_WITH_KNOTS('',2,(#1701,#1702,#1703),.UNSPECIFIED.,.F.,.F.,(3,3),(0.,1.),.UNSPECIFIED.);
#1705=EDGE_CURVE('',#1700,#1667,#1704,.T.);
#1706=ORIENTED_EDGE('',*,*,#1705,.F.);
#1707=CARTESIAN_POINT('',(-139.04293994,-86.5,-10.));
#1708=DIRECTION('',(0.,0.,1.));
#1709=VECTOR('',#1708,60.);
#1710=LINE('',#1707,#1709);
#1711=EDGE_CURVE('',#1700,#1691,#1710,.T.);
#1712=ORIENTED_EDGE('',*,*,#1711,.T.);
#1713=EDGE_LOOP('',(#1697,#1698,#1706,#1712));
#1714=FACE_BOUND('',#1713,.T.);
#1715=ADVANCED_FACE('',(#1714),#1689,.F.);
#1716=CARTESIAN_POINT('',(-123.369546181,-113.647114317,-10.));
#1717=DIRECTION('',(0.866025404,0.5,0.));
#1718=DIRECTION('',(-0.5,0.866025404,0.));
#1719=AXIS2_PLACEMENT_3D('',#1716,#1717,#1718);
#1720=PLANE('',#1719);
#1721=CARTESIAN_POINT('',(-123.369546181,-113.647114317,50.));
#1722=VERTEX_POINT('',#1721);
#1723=CARTESIAN_POINT('',(-123.369546181,-113.647114317,50.));
#1724=DIRECTION('',(-0.5,0.866025404,0.));
#1725=VECTOR('',#1724,31.346787517);
#1726=LINE('',#1723,#1725);
#1727=EDGE_CURVE('',#1722,#1691,#1726,.T.);
#1728=ORIENTED_EDGE('',*,*,#1727,.T.);
#1729=ORIENTED_EDGE('',*,*,#1711,.F.);
#1730=CARTESIAN_POINT('',(-123.369546181,-113.647114317,-10.));
#1731=VERTEX_POINT('',#1730);
#1732=CARTESIAN_POINT('',(-123.369546181,-113.647114317,-10.));
#1733=DIRECTION('',(-0.5,0.866025404,0.));
#1734=VECTOR('',#1733,31.346787517);
#1735=LINE('',#1732,#1734);
#1736=EDGE_CURVE('',#1731,#1700,#1735,.T.);
#1737=ORIENTED_EDGE('',*,*,#1736,.F.);
#1738=CARTESIAN_POINT('',(-123.369546181,-113.647114317,-10.));
#1739=DIRECTION('',(0.,0.,1.));
#1740=VECTOR('',#1739,60.);
#1741=LINE('',#1738,#1740);
#1742=EDGE_CURVE('',#1731,#1722,#1741,.T.);
#1743=ORIENTED_EDGE('',*,*,#1742,.T.);
#1744=EDGE_LOOP('',(#1728,#1729,#1737,#1743));
#1745=FACE_BOUND('',#1744,.T.);
#1746=ADVANCED_FACE('',(#1745),#1720,.F.);
#1747=CARTESIAN_POINT('',(-123.369546181,-113.647114317,-10.));
#1748=DIRECTION('',(-0.5,0.866025404,0.));
#1749=DIRECTION('',(-0.866025404,-0.5,0.));
#1750=AXIS2_PLACEMENT_3D('',#1747,#1748,#1749);
#1751=PLANE('',#1750);
#1752=CARTESIAN_POINT('',(-114.454482672,-108.5,50.));
#1753=VERTEX_POINT('',#1752);
#1754=CARTESIAN_POINT('',(-114.454482672,-108.5,50.));
#1755=DIRECTION('',(-0.866025404,-0.5,0.));
#1756=VECTOR('',#1755,10.294228634);
#1757=LINE('',#1754,#1756);
#1758=EDGE_CURVE('',#1753,#1722,#1757,.T.);
#1759=ORIENTED_EDGE('',*,*,#1758,.T.);
#1760=ORIENTED_EDGE('',*,*,#1742,.F.);
#1761=CARTESIAN_POINT('',(-114.454482672,-108.5,-10.));
#1762=VERTEX_POINT('',#1761);
#1763=CARTESIAN_POINT('',(-114.454482672,-108.5,-10.));
#1764=DIRECTION('',(-0.866025404,-0.5,0.));
#1765=VECTOR('',#1764,10.294228634);
#1766=LINE('',#1763,#1765);
#1767=EDGE_CURVE('',#1762,#1731,#1766,.T.);
#1768=ORIENTED_EDGE('',*,*,#1767,.F.);
#1769=CARTESIAN_POINT('',(-114.454482672,-108.5,-10.));
#1770=DIRECTION('',(0.,0.,1.));
#1771=VECTOR('',#1770,60.);
#1772=LINE('',#1769,#1771);
#1773=EDGE_CURVE('',#1762,#1753,#1772,.T.);
#1774=ORIENTED_EDGE('',*,*,#1773,.T.);
#1775=EDGE_LOOP('',(#1759,#1760,#1768,#1774));
#1776=FACE_BOUND('',#1775,.T.);
#1777=ADVANCED_FACE('',(#1776),#1751,.F.);
#1778=CARTESIAN_POINT('',(-114.454482672,-108.5,-10.));
#1779=DIRECTION('',(-0.,1.,0.));
#1780=DIRECTION('',(-1.,-0.,0.));
#1781=AXIS2_PLACEMENT_3D('',#1778,#1779,#1780);
#1782=PLANE('',#1781);
#1783=CARTESIAN_POINT('',(-77.782931612,-108.5,50.));
#1784=VERTEX_POINT('',#1783);
#1785=CARTESIAN_POINT('',(-77.782931612,-108.5,50.));
#1786=DIRECTION('',(-1.,-0.,0.));
#1787=VECTOR('',#1786,36.67155106);
#1788=LINE('',#1785,#1787);
#1789=EDGE_CURVE('',#1784,#1753,#1788,.T.);
#1790=ORIENTED_EDGE('',*,*,#1789,.T.);
#1791=ORIENTED_EDGE('',*,*,#1773,.F.);
#1792=CARTESIAN_POINT('',(-77.782931612,-108.5,-10.));
#1793=VERTEX_POINT('',#1792);
#1794=CARTESIAN_POINT('',(-77.782931612,-108.5,-10.));
#1795=DIRECTION('',(-1.,-0.,0.));
#1796=VECTOR('',#1795,36.67155106);
#1797=LINE('',#1794,#1796);
#1798=EDGE_CURVE('',#1793,#1762,#1797,.T.);
#1799=ORIENTED_EDGE('',*,*,#1798,.F.);
#1800=CARTESIAN_POINT('',(-77.782931612,-108.5,-10.));
#1801=DIRECTION('',(0.,0.,1.));
#1802=VECTOR('',#1801,60.);
#1803=LINE('',#1800,#1802);
#1804=EDGE_CURVE('',#1793,#1784,#1803,.T.);
#1805=ORIENTED_EDGE('',*,*,#1804,.T.);
#1806=EDGE_LOOP('',(#1790,#1791,#1799,#1805));
#1807=FACE_BOUND('',#1806,.T.);
#1808=ADVANCED_FACE('',(#1807),#1782,.F.);
#1809=CARTESIAN_POINT('',(-77.782931612,-104.511297022,-10.));
#1810=DIRECTION('',(0.,0.,1.));
#1811=DIRECTION('',(1.,0.,-0.));
#1812=AXIS2_PLACEMENT_3D('',#1809,#1810,#1811);
#1813=CYLINDRICAL_SURFACE('',#1812,3.988702978);
#1814=CARTESIAN_POINT('',(-73.794228634,-104.511297022,50.));
#1815=VERTEX_POINT('',#1814);
#1816=CARTESIAN_POINT('',(-77.782931612,-104.511297022,50.));
#1817=DIRECTION('',(0.,0.,-1.));
#1818=DIRECTION('',(0.,-1.,0.));
#1819=AXIS2_PLACEMENT_3D('',#1816,#1817,#1818);
#1820=CIRCLE('',#1819,3.988702978);
#1821=EDGE_CURVE('',#1815,#1784,#1820,.T.);
#1822=ORIENTED_EDGE('',*,*,#1821,.T.);
#1823=ORIENTED_EDGE('',*,*,#1804,.F.);
#1824=CARTESIAN_POINT('',(-73.794228634,-104.511297022,-10.));
#1825=VERTEX_POINT('',#1824);
#1826=CARTESIAN_POINT('',(-77.782931612,-104.511297022,-10.));
#1827=DIRECTION('',(0.,0.,-1.));
#1828=DIRECTION('',(0.,-1.,0.));
#1829=AXIS2_PLACEMENT_3D('',#1826,#1827,#1828);
#1830=CIRCLE('',#1829,3.988702978);
#1831=EDGE_CURVE('',#1825,#1793,#1830,.T.);
#1832=ORIENTED_EDGE('',*,*,#1831,.F.);
#1833=CARTESIAN_POINT('',(-73.794228634,-104.511297022,-10.));
#1834=DIRECTION('',(0.,0.,1.));
#1835=VECTOR('',#1834,60.);
#1836=LINE('',#1833,#1835);
#1837=EDGE_CURVE('',#1825,#1815,#1836,.T.);
#1838=ORIENTED_EDGE('',*,*,#1837,.T.);
#1839=EDGE_LOOP('',(#1822,#1823,#1832,#1838));
#1840=FACE_BOUND('',#1839,.T.);
#1841=ADVANCED_FACE('',(#1840),#1813,.T.);
#1842=CARTESIAN_POINT('',(-73.794228634,-103.5,-10.));
#1843=DIRECTION('',(-1.,-0.,0.));
#1844=DIRECTION('',(0.,-1.,0.));
#1845=AXIS2_PLACEMENT_3D('',#1842,#1843,#1844);
#1846=PLANE('',#1845);
#1847=CARTESIAN_POINT('',(-73.794228634,-103.5,50.));
#1848=VERTEX_POINT('',#1847);
#1849=CARTESIAN_POINT('',(-73.794228634,-103.5,50.));
#1850=DIRECTION('',(0.,-1.,0.));
#1851=VECTOR('',#1850,1.011297022);
#1852=LINE('',#1849,#1851);
#1853=EDGE_CURVE('',#1848,#1815,#1852,.T.);
#1854=ORIENTED_EDGE('',*,*,#1853,.T.);
#1855=ORIENTED_EDGE('',*,*,#1837,.F.);
#1856=CARTESIAN_POINT('',(-73.794228634,-103.5,-10.));
#1857=VERTEX_POINT('',#1856);
#1858=CARTESIAN_POINT('',(-73.794228634,-103.5,-10.));
#1859=DIRECTION('',(0.,-1.,0.));
#1860=VECTOR('',#1859,1.011297022);
#1861=LINE('',#1858,#1860);
#1862=EDGE_CURVE('',#1857,#1825,#1861,.T.);
#1863=ORIENTED_EDGE('',*,*,#1862,.F.);
#1864=CARTESIAN_POINT('',(-73.794228634,-103.5,-10.));
#1865=DIRECTION('',(0.,0.,1.));
#1866=VECTOR('',#1865,60.);
#1867=LINE('',#1864,#1866);
#1868=EDGE_CURVE('',#1857,#1848,#1867,.T.);
#1869=ORIENTED_EDGE('',*,*,#1868,.T.);
#1870=EDGE_LOOP('',(#1854,#1855,#1863,#1869));
#1871=FACE_BOUND('',#1870,.T.);
#1872=ADVANCED_FACE('',(#1871),#1846,.F.);
#1873=CARTESIAN_POINT('',(-44.5,-103.5,-10.));
#1874=DIRECTION('',(-0.,1.,0.));
#1875=DIRECTION('',(-1.,-0.,0.));
#1876=AXIS2_PLACEMENT_3D('',#1873,#1874,#1875);
#1877=PLANE('',#1876);
#1878=CARTESIAN_POINT('',(-44.5,-103.5,50.));
#1879=VERTEX_POINT('',#1878);
#1880=CARTESIAN_POINT('',(-44.5,-103.5,50.));
#1881=DIRECTION('',(-1.,-0.,0.));
#1882=VECTOR('',#1881,29.294228634);
#1883=LINE('',#1880,#1882);
#1884=EDGE_CURVE('',#1879,#1848,#1883,.T.);
#1885=ORIENTED_EDGE('',*,*,#1884,.T.);
#1886=ORIENTED_EDGE('',*,*,#1868,.F.);
#1887=CARTESIAN_POINT('',(-44.5,-103.5,-10.));
#1888=VERTEX_POINT('',#1887);
#1889=CARTESIAN_POINT('',(-44.5,-103.5,-10.));
#1890=DIRECTION('',(-1.,-0.,0.));
#1891=VECTOR('',#1890,29.294228634);
#1892=LINE('',#1889,#1891);
#1893=EDGE_CURVE('',#1888,#1857,#1892,.T.);
#1894=ORIENTED_EDGE('',*,*,#1893,.F.);
#1895=CARTESIAN_POINT('',(-44.5,-103.5,-10.));
#1896=DIRECTION('',(0.,0.,1.));
#1897=VECTOR('',#1896,60.);
#1898=LINE('',#1895,#1897);
#1899=EDGE_CURVE('',#1888,#1879,#1898,.T.);
#1900=ORIENTED_EDGE('',*,*,#1899,.T.);
#1901=EDGE_LOOP('',(#1885,#1886,#1894,#1900));
#1902=FACE_BOUND('',#1901,.T.);
#1903=ADVANCED_FACE('',(#1902),#1877,.F.);
#1904=CARTESIAN_POINT('',(-44.5,-101.5,-10.));
#1905=DIRECTION('',(0.,0.,1.));
#1906=DIRECTION('',(1.,0.,-0.));
#1907=AXIS2_PLACEMENT_3D('',#1904,#1905,#1906);
#1908=CYLINDRICAL_SURFACE('',#1907,2.);
#1909=CARTESIAN_POINT('',(-42.5,-101.5,50.));
#1910=VERTEX_POINT('',#1909);
#1911=CARTESIAN_POINT('',(-44.5,-101.5,50.));
#1912=DIRECTION('',(-0.,0.,-1.));
#1913=DIRECTION('',(-1.,-0.,0.));
#1914=AXIS2_PLACEMENT_3D('',#1911,#1912,#1913);
#1915=CIRCLE('',#1914,2.);
#1916=EDGE_CURVE('',#1910,#1879,#1915,.T.);
#1917=ORIENTED_EDGE('',*,*,#1916,.T.);
#1918=ORIENTED_EDGE('',*,*,#1899,.F.);
#1919=CARTESIAN_POINT('',(-42.5,-101.5,-10.));
#1920=VERTEX_POINT('',#1919);
#1921=CARTESIAN_POINT('',(-44.5,-101.5,-10.));
#1922=DIRECTION('',(-0.,0.,-1.));
#1923=DIRECTION('',(-1.,-0.,0.));
#1924=AXIS2_PLACEMENT_3D('',#1921,#1922,#1923);
#1925=CIRCLE('',#1924,2.);
#1926=EDGE_CURVE('',#1920,#1888,#1925,.T.);
#1927=ORIENTED_EDGE('',*,*,#1926,.F.);
#1928=CARTESIAN_POINT('',(-42.5,-101.5,-10.));
#1929=DIRECTION('',(0.,0.,1.));
#1930=VECTOR('',#1929,60.);
#1931=LINE('',#1928,#1930);
#1932=EDGE_CURVE('',#1920,#1910,#1931,.T.);
#1933=ORIENTED_EDGE('',*,*,#1932,.T.);
#1934=EDGE_LOOP('',(#1917,#1918,#1927,#1933));
#1935=FACE_BOUND('',#1934,.T.);
#1936=ADVANCED_FACE('',(#1935),#1908,.T.);
#1937=CARTESIAN_POINT('',(-42.5,-93.5,-10.));
#1938=DIRECTION('',(-1.,0.,0.));
#1939=DIRECTION('',(-0.,-1.,0.));
#1940=AXIS2_PLACEMENT_3D('',#1937,#1938,#1939);
#1941=PLANE('',#1940);
#1942=CARTESIAN_POINT('',(-42.5,-93.5,50.));
#1943=VERTEX_POINT('',#1942);
#1944=CARTESIAN_POINT('',(-42.5,-93.5,50.));
#1945=DIRECTION('',(-0.,-1.,0.));
#1946=VECTOR('',#1945,8.);
#1947=LINE('',#1944,#1946);
#1948=EDGE_CURVE('',#1943,#1910,#1947,.T.);
#1949=ORIENTED_EDGE('',*,*,#1948,.T.);
#1950=ORIENTED_EDGE('',*,*,#1932,.F.);
#1951=CARTESIAN_POINT('',(-42.5,-93.5,-10.));
#1952=VERTEX_POINT('',#1951);
#1953=CARTESIAN_POINT('',(-42.5,-93.5,-10.));
#1954=DIRECTION('',(-0.,-1.,0.));
#1955=VECTOR('',#1954,8.);
#1956=LINE('',#1953,#1955);
#1957=EDGE_CURVE('',#1952,#1920,#1956,.T.);
#1958=ORIENTED_EDGE('',*,*,#1957,.F.);
#1959=CARTESIAN_POINT('',(-42.5,-93.5,-10.));
#1960=DIRECTION('',(0.,0.,1.));
#1961=VECTOR('',#1960,60.);
#1962=LINE('',#1959,#1961);
#1963=EDGE_CURVE('',#1952,#1943,#1962,.T.);
#1964=ORIENTED_EDGE('',*,*,#1963,.T.);
#1965=EDGE_LOOP('',(#1949,#1950,#1958,#1964));
#1966=FACE_BOUND('',#1965,.T.);
#1967=ADVANCED_FACE('',(#1966),#1941,.F.);
#1968=CARTESIAN_POINT('',(-14.5,-93.5,-10.));
#1969=DIRECTION('',(-0.,1.,0.));
#1970=DIRECTION('',(-1.,-0.,0.));
#1971=AXIS2_PLACEMENT_3D('',#1968,#1969,#1970);
#1972=PLANE('',#1971);
#1973=CARTESIAN_POINT('',(-14.5,-93.5,50.));
#1974=VERTEX_POINT('',#1973);
#1975=CARTESIAN_POINT('',(-14.5,-93.5,50.));
#1976=DIRECTION('',(-1.,-0.,0.));
#1977=VECTOR('',#1976,28.);
#1978=LINE('',#1975,#1977);
#1979=EDGE_CURVE('',#1974,#1943,#1978,.T.);
#1980=ORIENTED_EDGE('',*,*,#1979,.T.);
#1981=ORIENTED_EDGE('',*,*,#1963,.F.);
#1982=CARTESIAN_POINT('',(-14.5,-93.5,-10.));
#1983=VERTEX_POINT('',#1982);
#1984=CARTESIAN_POINT('',(-14.5,-93.5,-10.));
#1985=DIRECTION('',(-1.,-0.,0.));
#1986=VECTOR('',#1985,28.);
#1987=LINE('',#1984,#1986);
#1988=EDGE_CURVE('',#1983,#1952,#1987,.T.);
#1989=ORIENTED_EDGE('',*,*,#1988,.F.);
#1990=CARTESIAN_POINT('',(-14.5,-93.5,-10.));
#1991=DIRECTION('',(0.,0.,1.));
#1992=VECTOR('',#1991,60.);
#1993=LINE('',#1990,#1992);
#1994=EDGE_CURVE('',#1983,#1974,#1993,.T.);
#1995=ORIENTED_EDGE('',*,*,#1994,.T.);
#1996=EDGE_LOOP('',(#1980,#1981,#1989,#1995));
#1997=FACE_BOUND('',#1996,.T.);
#1998=ADVANCED_FACE('',(#1997),#1972,.F.);
#1999=CARTESIAN_POINT('',(-14.5,-89.5,-10.));
#2000=DIRECTION('',(0.,0.,1.));
#2001=DIRECTION('',(1.,0.,-0.));
#2002=AXIS2_PLACEMENT_3D('',#1999,#2000,#2001);
#2003=CYLINDRICAL_SURFACE('',#2002,4.);
#2004=CARTESIAN_POINT('',(-10.5,-89.5,50.));
#2005=VERTEX_POINT('',#2004);
#2006=CARTESIAN_POINT('',(-14.5,-89.5,50.));
#2007=DIRECTION('',(-0.,0.,-1.));
#2008=DIRECTION('',(-1.,-0.,0.));
#2009=AXIS2_PLACEMENT_3D('',#2006,#2007,#2008);
#2010=CIRCLE('',#2009,4.);
#2011=EDGE_CURVE('',#2005,#1974,#2010,.T.);
#2012=ORIENTED_EDGE('',*,*,#2011,.T.);
#2013=ORIENTED_EDGE('',*,*,#1994,.F.);
#2014=CARTESIAN_POINT('',(-10.5,-89.5,-10.));
#2015=VERTEX_POINT('',#2014);
#2016=CARTESIAN_POINT('',(-14.5,-89.5,-10.));
#2017=DIRECTION('',(-0.,0.,-1.));
#2018=DIRECTION('',(-1.,-0.,0.));
#2019=AXIS2_PLACEMENT_3D('',#2016,#2017,#2018);
#2020=CIRCLE('',#2019,4.);
#2021=EDGE_CURVE('',#2015,#1983,#2020,.T.);
#2022=ORIENTED_EDGE('',*,*,#2021,.F.);
#2023=CARTESIAN_POINT('',(-10.5,-89.5,-10.));
#2024=DIRECTION('',(0.,0.,1.));
#2025=VECTOR('',#2024,60.);
#2026=LINE('',#2023,#2025);
#2027=EDGE_CURVE('',#2015,#2005,#2026,.T.);
#2028=ORIENTED_EDGE('',*,*,#2027,.T.);
#2029=EDGE_LOOP('',(#2012,#2013,#2022,#2028));
#2030=FACE_BOUND('',#2029,.T.);
#2031=ADVANCED_FACE('',(#2030),#2003,.T.);
#2032=CARTESIAN_POINT('',(-10.5,-88.5,-10.));
#2033=DIRECTION('',(-1.,-0.,0.));
#2034=DIRECTION('',(0.,-1.,0.));
#2035=AXIS2_PLACEMENT_3D('',#2032,#2033,#2034);
#2036=PLANE('',#2035);
#2037=CARTESIAN_POINT('',(-10.5,-88.5,50.));
#2038=VERTEX_POINT('',#2037);
#2039=CARTESIAN_POINT('',(-10.5,-88.5,50.));
#2040=DIRECTION('',(0.,-1.,0.));
#2041=VECTOR('',#2040,1.);
#2042=LINE('',#2039,#2041);
#2043=EDGE_CURVE('',#2038,#2005,#2042,.T.);
#2044=ORIENTED_EDGE('',*,*,#2043,.T.);
#2045=ORIENTED_EDGE('',*,*,#2027,.F.);
#2046=CARTESIAN_POINT('',(-10.5,-88.5,-10.));
#2047=VERTEX_POINT('',#2046);
#2048=CARTESIAN_POINT('',(-10.5,-88.5,-10.));
#2049=DIRECTION('',(0.,-1.,0.));
#2050=VECTOR('',#2049,1.);
#2051=LINE('',#2048,#2050);
#2052=EDGE_CURVE('',#2047,#2015,#2051,.T.);
#2053=ORIENTED_EDGE('',*,*,#2052,.F.);
#2054=CARTESIAN_POINT('',(-10.5,-88.5,-10.));
#2055=DIRECTION('',(0.,0.,1.));
#2056=VECTOR('',#2055,60.);
#2057=LINE('',#2054,#2056);
#2058=EDGE_CURVE('',#2047,#2038,#2057,.T.);
#2059=ORIENTED_EDGE('',*,*,#2058,.T.);
#2060=EDGE_LOOP('',(#2044,#2045,#2053,#2059));
#2061=FACE_BOUND('',#2060,.T.);
#2062=ADVANCED_FACE('',(#2061),#2036,.F.);
#2063=CARTESIAN_POINT('',(2.5,-88.5,-10.));
#2064=DIRECTION('',(-0.,1.,0.));
#2065=DIRECTION('',(-1.,-0.,0.));
#2066=AXIS2_PLACEMENT_3D('',#2063,#2064,#2065);
#2067=PLANE('',#2066);
#2068=CARTESIAN_POINT('',(2.5,-88.5,50.));
#2069=VERTEX_POINT('',#2068);
#2070=CARTESIAN_POINT('',(2.5,-88.5,50.));
#2071=DIRECTION('',(-1.,-0.,0.));
#2072=VECTOR('',#2071,13.);
#2073=LINE('',#2070,#2072);
#2074=EDGE_CURVE('',#2069,#2038,#2073,.T.);
#2075=ORIENTED_EDGE('',*,*,#2074,.T.);
#2076=ORIENTED_EDGE('',*,*,#2058,.F.);
#2077=CARTESIAN_POINT('',(2.5,-88.5,-10.));
#2078=VERTEX_POINT('',#2077);
#2079=CARTESIAN_POINT('',(2.5,-88.5,-10.));
#2080=DIRECTION('',(-1.,-0.,0.));
#2081=VECTOR('',#2080,13.);
#2082=LINE('',#2079,#2081);
#2083=EDGE_CURVE('',#2078,#2047,#2082,.T.);
#2084=ORIENTED_EDGE('',*,*,#2083,.F.);
#2085=CARTESIAN_POINT('',(2.5,-88.5,-10.));
#2086=DIRECTION('',(0.,0.,1.));
#2087=VECTOR('',#2086,60.);
#2088=LINE('',#2085,#2087);
#2089=EDGE_CURVE('',#2078,#2069,#2088,.T.);
#2090=ORIENTED_EDGE('',*,*,#2089,.T.);
#2091=EDGE_LOOP('',(#2075,#2076,#2084,#2090));
#2092=FACE_BOUND('',#2091,.T.);
#2093=ADVANCED_FACE('',(#2092),#2067,.F.);
#2094=CARTESIAN_POINT('',(2.5,-86.5,-10.));
#2095=DIRECTION('',(0.,0.,1.));
#2096=DIRECTION('',(1.,0.,-0.));
#2097=AXIS2_PLACEMENT_3D('',#2094,#2095,#2096);
#2098=CYLINDRICAL_SURFACE('',#2097,2.);
#2099=CARTESIAN_POINT('',(4.5,-86.5,50.));
#2100=VERTEX_POINT('',#2099);
#2101=CARTESIAN_POINT('',(2.5,-86.5,50.));
#2102=DIRECTION('',(-0.,0.,-1.));
#2103=DIRECTION('',(-1.,-0.,0.));
#2104=AXIS2_PLACEMENT_3D('',#2101,#2102,#2103);
#2105=CIRCLE('',#2104,2.);
#2106=EDGE_CURVE('',#2100,#2069,#2105,.T.);
#2107=ORIENTED_EDGE('',*,*,#2106,.T.);
#2108=ORIENTED_EDGE('',*,*,#2089,.F.);
#2109=CARTESIAN_POINT('',(4.5,-86.5,-10.));
#2110=VERTEX_POINT('',#2109);
#2111=CARTESIAN_POINT('',(2.5,-86.5,-10.));
#2112=DIRECTION('',(-0.,0.,-1.));
#2113=DIRECTION('',(-1.,-0.,0.));
#2114=AXIS2_PLACEMENT_3D('',#2111,#2112,#2113);
#2115=CIRCLE('',#2114,2.);
#2116=EDGE_CURVE('',#2110,#2078,#2115,.T.);
#2117=ORIENTED_EDGE('',*,*,#2116,.F.);
#2118=CARTESIAN_POINT('',(4.5,-86.5,-10.));
#2119=DIRECTION('',(0.,0.,1.));
#2120=VECTOR('',#2119,60.);
#2121=LINE('',#2118,#2120);
#2122=EDGE_CURVE('',#2110,#2100,#2121,.T.);
#2123=ORIENTED_EDGE('',*,*,#2122,.T.);
#2124=EDGE_LOOP('',(#2107,#2108,#2117,#2123));
#2125=FACE_BOUND('',#2124,.T.);
#2126=ADVANCED_FACE('',(#2125),#2098,.T.);
#2127=CARTESIAN_POINT('',(-12.5,5.5,-10.));
#2128=DIRECTION('',(-1.,-0.,0.));
#2129=DIRECTION('',(0.,-1.,0.));
#2130=AXIS2_PLACEMENT_3D('',#2127,#2128,#2129);
#2131=PLANE('',#2130);
#2132=CARTESIAN_POINT('',(-12.5,3.5,50.));
#2133=VERTEX_POINT('',#2132);
#2134=CARTESIAN_POINT('',(-12.5,5.5,50.));
#2135=DIRECTION('',(0.,-1.,0.));
#2136=VECTOR('',#2135,2.);
#2137=LINE('',#2134,#2136);
#2138=EDGE_CURVE('',#372,#2133,#2137,.T.);
#2139=ORIENTED_EDGE('',*,*,#2138,.F.);
#2140=ORIENTED_EDGE('',*,*,#394,.F.);
#2141=CARTESIAN_POINT('',(-12.5,3.5,-10.));
#2142=VERTEX_POINT('',#2141);
#2143=CARTESIAN_POINT('',(-12.5,5.5,-10.));
#2144=DIRECTION('',(0.,-1.,0.));
#2145=VECTOR('',#2144,2.);
#2146=LINE('',#2143,#2145);
#2147=EDGE_CURVE('',#382,#2142,#2146,.T.);
#2148=ORIENTED_EDGE('',*,*,#2147,.T.);
#2149=CARTESIAN_POINT('',(-12.5,3.5,-9.));
#2150=DIRECTION('',(1.,0.,-0.));
#2151=DIRECTION('',(0.,-1.,0.));
#2152=AXIS2_PLACEMENT_3D('',#2149,#2150,#2151);
#2153=CIRCLE('',#2152,1.);
#2154=EDGE_CURVE('',#2142,#219,#2153,.T.);
#2155=ORIENTED_EDGE('',*,*,#2154,.T.);
#2156=ORIENTED_EDGE('',*,*,#226,.T.);
#2157=CARTESIAN_POINT('',(-12.5,3.5,49.));
#2158=DIRECTION('',(1.,0.,-0.));
#2159=DIRECTION('',(0.,-1.,0.));
#2160=AXIS2_PLACEMENT_3D('',#2157,#2158,#2159);
#2161=CIRCLE('',#2160,1.);
#2162=EDGE_CURVE('',#221,#2133,#2161,.T.);
#2163=ORIENTED_EDGE('',*,*,#2162,.T.);
#2164=EDGE_LOOP('',(#2139,#2140,#2148,#2155,#2156,#2163));
#2165=FACE_BOUND('',#2164,.T.);
#2166=ADVANCED_FACE('',(#2165),#2131,.T.);
#2167=CARTESIAN_POINT('',(-14.5,-89.5,-10.));
#2168=DIRECTION('',(0.,0.,1.));
#2169=DIRECTION('',(1.,0.,-0.));
#2170=AXIS2_PLACEMENT_3D('',#2167,#2168,#2169);
#2171=CYLINDRICAL_SURFACE('',#2170,2.);
#2172=CARTESIAN_POINT('',(-14.5,-89.5,50.));
#2173=DIRECTION('',(-0.,0.,-1.));
#2174=DIRECTION('',(-1.,-0.,0.));
#2175=AXIS2_PLACEMENT_3D('',#2172,#2173,#2174);
#2176=CIRCLE('',#2175,2.);
#2177=EDGE_CURVE('',#527,#405,#2176,.T.);
#2178=ORIENTED_EDGE('',*,*,#2177,.F.);
#2179=ORIENTED_EDGE('',*,*,#563,.F.);
#2180=CARTESIAN_POINT('',(-14.5,-89.5,-10.));
#2181=DIRECTION('',(-0.,0.,-1.));
#2182=DIRECTION('',(-1.,-0.,0.));
#2183=AXIS2_PLACEMENT_3D('',#2180,#2181,#2182);
#2184=CIRCLE('',#2183,2.);
#2185=EDGE_CURVE('',#552,#415,#2184,.T.);
#2186=ORIENTED_EDGE('',*,*,#2185,.T.);
#2187=ORIENTED_EDGE('',*,*,#420,.T.);
#2188=EDGE_LOOP('',(#2178,#2179,#2186,#2187));
#2189=FACE_BOUND('',#2188,.T.);
#2190=ADVANCED_FACE('',(#2189),#2171,.F.);
#2191=CARTESIAN_POINT('',(-105.794228634,-103.5,-10.));
#2192=DIRECTION('',(-0.5,0.866025404,0.));
#2193=DIRECTION('',(-0.866025404,-0.5,0.));
#2194=AXIS2_PLACEMENT_3D('',#2191,#2192,#2193);
#2195=PLANE('',#2194);
#2196=CARTESIAN_POINT('',(-104.062177826,-102.5,50.));
#2197=VERTEX_POINT('',#2196);
#2198=CARTESIAN_POINT('',(-104.062177826,-102.5,50.));
#2199=DIRECTION('',(-0.866025404,-0.5,0.));
#2200=VECTOR('',#2199,8.);
#2201=LINE('',#2198,#2200);
#2202=EDGE_CURVE('',#2197,#696,#2201,.T.);
#2203=ORIENTED_EDGE('',*,*,#2202,.T.);
#2204=ORIENTED_EDGE('',*,*,#716,.F.);
#2205=CARTESIAN_POINT('',(-104.062177826,-102.5,-10.));
#2206=VERTEX_POINT('',#2205);
#2207=CARTESIAN_POINT('',(-104.062177826,-102.5,-10.));
#2208=DIRECTION('',(-0.866025404,-0.5,0.));
#2209=VECTOR('',#2208,8.);
#2210=LINE('',#2207,#2209);
#2211=EDGE_CURVE('',#2206,#705,#2210,.T.);
#2212=ORIENTED_EDGE('',*,*,#2211,.F.);
#2213=CARTESIAN_POINT('',(-104.062177826,-102.5,-9.));
#2214=DIRECTION('',(-0.5,0.866025404,0.));
#2215=DIRECTION('',(-0.866025404,-0.5,0.));
#2216=AXIS2_PLACEMENT_3D('',#2213,#2214,#2215);
#2217=ELLIPSE('',#2216,2.,1.);
#2218=EDGE_CURVE('',#2206,#574,#2217,.T.);
#2219=ORIENTED_EDGE('',*,*,#2218,.T.);
#2220=ORIENTED_EDGE('',*,*,#581,.T.);
#2221=CARTESIAN_POINT('',(-104.062177826,-102.5,49.));
#2222=DIRECTION('',(-0.5,0.866025404,0.));
#2223=DIRECTION('',(0.866025404,0.5,0.));
#2224=AXIS2_PLACEMENT_3D('',#2221,#2222,#2223);
#2225=ELLIPSE('',#2224,2.,1.);
#2226=EDGE_CURVE('',#576,#2197,#2225,.T.);
#2227=ORIENTED_EDGE('',*,*,#2226,.T.);
#2228=EDGE_LOOP('',(#2203,#2204,#2212,#2219,#2220,#2227));
#2229=FACE_BOUND('',#2228,.T.);
#2230=ADVANCED_FACE('',(#2229),#2195,.F.);
#2231=CARTESIAN_POINT('',(2.5,-85.5,-10.));
#2232=DIRECTION('',(-1.,-0.,0.));
#2233=DIRECTION('',(0.,-1.,0.));
#2234=AXIS2_PLACEMENT_3D('',#2231,#2232,#2233);
#2235=PLANE('',#2234);
#2236=CARTESIAN_POINT('',(2.5,-6.126588055,50.));
#2237=DIRECTION('',(0.,-1.,0.));
#2238=VECTOR('',#2237,79.373411945);
#2239=LINE('',#2236,#2238);
#2240=EDGE_CURVE('',#1154,#727,#2239,.T.);
#2241=ORIENTED_EDGE('',*,*,#2240,.F.);
#2242=ORIENTED_EDGE('',*,*,#1188,.F.);
#2243=CARTESIAN_POINT('',(2.5,-6.126588055,-10.));
#2244=DIRECTION('',(0.,-1.,0.));
#2245=VECTOR('',#2244,79.373411945);
#2246=LINE('',#2243,#2245);
#2247=EDGE_CURVE('',#1170,#738,#2246,.T.);
#2248=ORIENTED_EDGE('',*,*,#2247,.T.);
#2249=ORIENTED_EDGE('',*,*,#743,.T.);
#2250=EDGE_LOOP('',(#2241,#2242,#2248,#2249));
#2251=FACE_BOUND('',#2250,.T.);
#2252=ADVANCED_FACE('',(#2251),#2235,.T.);
#2253=CARTESIAN_POINT('',(4.5,-6.126588055,-10.));
#2254=DIRECTION('',(-1.,-0.,0.));
#2255=DIRECTION('',(0.,-1.,0.));
#2256=AXIS2_PLACEMENT_3D('',#2253,#2254,#2255);
#2257=PLANE('',#2256);
#2258=CARTESIAN_POINT('',(4.5,-6.126588055,50.));
#2259=DIRECTION('',(0.,-1.,0.));
#2260=VECTOR('',#2259,80.373411945);
#2261=LINE('',#2258,#2260);
#2262=EDGE_CURVE('',#1205,#2100,#2261,.T.);
#2263=ORIENTED_EDGE('',*,*,#2262,.T.);
#2264=ORIENTED_EDGE('',*,*,#2122,.F.);
#2265=CARTESIAN_POINT('',(4.5,-6.126588055,-10.));
#2266=DIRECTION('',(0.,-1.,0.));
#2267=VECTOR('',#2266,80.373411945);
#2268=LINE('',#2265,#2267);
#2269=EDGE_CURVE('',#1214,#2110,#2268,.T.);
#2270=ORIENTED_EDGE('',*,*,#2269,.F.);
#2271=ORIENTED_EDGE('',*,*,#1219,.T.);
#2272=EDGE_LOOP('',(#2263,#2264,#2270,#2271));
#2273=FACE_BOUND('',#2272,.T.);
#2274=ADVANCED_FACE('',(#2273),#2257,.F.);
#2275=CARTESIAN_POINT('',(-75.794228634,4.5,-10.));
#2276=DIRECTION('',(1.,-0.,0.));
#2277=DIRECTION('',(0.,1.,0.));
#2278=AXIS2_PLACEMENT_3D('',#2275,#2276,#2277);
#2279=PLANE('',#2278);
#2280=CARTESIAN_POINT('',(-75.794228634,3.5,50.));
#2281=VERTEX_POINT('',#2280);
#2282=CARTESIAN_POINT('',(-75.794228634,3.5,50.));
#2283=DIRECTION('',(0.,1.,0.));
#2284=VECTOR('',#2283,2.);
#2285=LINE('',#2282,#2284);
#2286=EDGE_CURVE('',#2281,#186,#2285,.T.);
#2287=ORIENTED_EDGE('',*,*,#2286,.T.);
#2288=ORIENTED_EDGE('',*,*,#208,.F.);
#2289=CARTESIAN_POINT('',(-75.794228634,3.5,-10.));
#2290=VERTEX_POINT('',#2289);
#2291=CARTESIAN_POINT('',(-75.794228634,3.5,-10.));
#2292=DIRECTION('',(0.,1.,0.));
#2293=VECTOR('',#2292,2.);
#2294=LINE('',#2291,#2293);
#2295=EDGE_CURVE('',#2290,#196,#2294,.T.);
#2296=ORIENTED_EDGE('',*,*,#2295,.F.);
#2297=CARTESIAN_POINT('',(-75.794228634,3.5,-9.));
#2298=DIRECTION('',(1.,-0.,0.));
#2299=DIRECTION('',(0.,1.,0.));
#2300=AXIS2_PLACEMENT_3D('',#2297,#2298,#2299);
#2301=CIRCLE('',#2300,1.);
#2302=EDGE_CURVE('',#2290,#33,#2301,.T.);
#2303=ORIENTED_EDGE('',*,*,#2302,.T.);
#2304=ORIENTED_EDGE('',*,*,#40,.T.);
#2305=CARTESIAN_POINT('',(-75.794228634,3.5,49.));
#2306=DIRECTION('',(1.,-0.,0.));
#2307=DIRECTION('',(0.,1.,0.));
#2308=AXIS2_PLACEMENT_3D('',#2305,#2306,#2307);
#2309=CIRCLE('',#2308,1.);
#2310=EDGE_CURVE('',#35,#2281,#2309,.T.);
#2311=ORIENTED_EDGE('',*,*,#2310,.T.);
#2312=EDGE_LOOP('',(#2287,#2288,#2296,#2303,#2304,#2311));
#2313=FACE_BOUND('',#2312,.T.);
#2314=ADVANCED_FACE('',(#2313),#2279,.F.);
#2315=CARTESIAN_POINT('',(-71.5,-54.207531755,-10.));
#2316=DIRECTION('',(0.,0.,1.));
#2317=DIRECTION('',(-1.,-0.,0.));
#2318=AXIS2_PLACEMENT_3D('',#2315,#2316,#2317);
#2319=PLANE('',#2318);
#2320=ORIENTED_EDGE('',*,*,#1228,.T.);
#2321=ORIENTED_EDGE('',*,*,#2269,.T.);
#2322=ORIENTED_EDGE('',*,*,#2116,.T.);
#2323=ORIENTED_EDGE('',*,*,#2083,.T.);
#2324=ORIENTED_EDGE('',*,*,#2052,.T.);
#2325=ORIENTED_EDGE('',*,*,#2021,.T.);
#2326=ORIENTED_EDGE('',*,*,#1988,.T.);
#2327=ORIENTED_EDGE('',*,*,#1957,.T.);
#2328=ORIENTED_EDGE('',*,*,#1926,.T.);
#2329=ORIENTED_EDGE('',*,*,#1893,.T.);
#2330=ORIENTED_EDGE('',*,*,#1862,.T.);
#2331=ORIENTED_EDGE('',*,*,#1831,.T.);
#2332=ORIENTED_EDGE('',*,*,#1798,.T.);
#2333=ORIENTED_EDGE('',*,*,#1767,.T.);
#2334=ORIENTED_EDGE('',*,*,#1736,.T.);
#2335=ORIENTED_EDGE('',*,*,#1705,.T.);
#2336=ORIENTED_EDGE('',*,*,#1672,.T.);
#2337=ORIENTED_EDGE('',*,*,#1641,.T.);
#2338=ORIENTED_EDGE('',*,*,#1608,.T.);
#2339=ORIENTED_EDGE('',*,*,#1577,.T.);
#2340=ORIENTED_EDGE('',*,*,#1546,.T.);
#2341=ORIENTED_EDGE('',*,*,#1513,.T.);
#2342=ORIENTED_EDGE('',*,*,#1482,.T.);
#2343=ORIENTED_EDGE('',*,*,#1449,.T.);
#2344=ORIENTED_EDGE('',*,*,#1418,.T.);
#2345=ORIENTED_EDGE('',*,*,#1387,.T.);
#2346=ORIENTED_EDGE('',*,*,#1356,.T.);
#2347=ORIENTED_EDGE('',*,*,#1323,.T.);
#2348=ORIENTED_EDGE('',*,*,#1292,.T.);
#2349=ORIENTED_EDGE('',*,*,#1259,.T.);
#2350=EDGE_LOOP('',(#2320,#2321,#2322,#2323,#2324,#2325,#2326,#2327,#2328,#2329,#2330,#2331,#2332,#2333,#2334,#2335,#2336,#2337,#2338,#2339,#2340,#2341,#2342,#2343,#2344,#2345,
#2346,#2347,#2348,#2349));
#2351=FACE_BOUND('',#2350,.T.);
#2352=ORIENTED_EDGE('',*,*,#752,.F.);
#2353=ORIENTED_EDGE('',*,*,#2247,.F.);
#2354=ORIENTED_EDGE('',*,*,#1182,.F.);
#2355=ORIENTED_EDGE('',*,*,#1121,.F.);
#2356=ORIENTED_EDGE('',*,*,#1090,.F.);
#2357=ORIENTED_EDGE('',*,*,#1057,.F.);
#2358=ORIENTED_EDGE('',*,*,#1026,.F.);
#2359=ORIENTED_EDGE('',*,*,#973,.F.);
#2360=ORIENTED_EDGE('',*,*,#942,.F.);
#2361=ORIENTED_EDGE('',*,*,#911,.F.);
#2362=ORIENTED_EDGE('',*,*,#880,.F.);
#2363=ORIENTED_EDGE('',*,*,#847,.F.);
#2364=ORIENTED_EDGE('',*,*,#816,.F.);
#2365=ORIENTED_EDGE('',*,*,#783,.F.);
#2366=EDGE_LOOP('',(#2352,#2353,#2354,#2355,#2356,#2357,#2358,#2359,#2360,#2361,#2362,#2363,#2364,#2365));
#2367=FACE_BOUND('',#2366,.T.);
#2368=CARTESIAN_POINT('',(-75.794228634,-102.5,-10.));
#2369=DIRECTION('',(-1.,-0.,0.));
#2370=VECTOR('',#2369,28.267949192);
#2371=LINE('',#2368,#2370);
#2372=EDGE_CURVE('',#632,#2206,#2371,.T.);
#2373=ORIENTED_EDGE('',*,*,#2372,.T.);
#2374=ORIENTED_EDGE('',*,*,#2211,.T.);
#2375=ORIENTED_EDGE('',*,*,#710,.T.);
#2376=ORIENTED_EDGE('',*,*,#679,.T.);
#2377=ORIENTED_EDGE('',*,*,#646,.T.);
#2378=EDGE_LOOP('',(#2373,#2374,#2375,#2376,#2377));
#2379=FACE_BOUND('',#2378,.T.);
#2380=ORIENTED_EDGE('',*,*,#557,.F.);
#2381=CARTESIAN_POINT('',(-12.5,-87.5,-10.));
#2382=DIRECTION('',(-1.,-0.,-0.));
#2383=VECTOR('',#2382,30.);
#2384=LINE('',#2381,#2383);
#2385=EDGE_CURVE('',#543,#454,#2384,.T.);
#2386=ORIENTED_EDGE('',*,*,#2385,.T.);
#2387=ORIENTED_EDGE('',*,*,#459,.F.);
#2388=ORIENTED_EDGE('',*,*,#428,.F.);
#2389=ORIENTED_EDGE('',*,*,#2185,.F.);
#2390=EDGE_LOOP('',(#2380,#2386,#2387,#2388,#2389));
#2391=FACE_BOUND('',#2390,.T.);
#2392=ORIENTED_EDGE('',*,*,#291,.F.);
#2393=CARTESIAN_POINT('',(-42.5,3.5,-10.));
#2394=DIRECTION('',(1.,0.,-0.));
#2395=VECTOR('',#2394,30.);
#2396=LINE('',#2393,#2395);
#2397=EDGE_CURVE('',#277,#2142,#2396,.T.);
#2398=ORIENTED_EDGE('',*,*,#2397,.T.);
#2399=ORIENTED_EDGE('',*,*,#2147,.F.);
#2400=ORIENTED_EDGE('',*,*,#388,.F.);
#2401=ORIENTED_EDGE('',*,*,#355,.F.);
#2402=ORIENTED_EDGE('',*,*,#324,.F.);
#2403=EDGE_LOOP('',(#2392,#2398,#2399,#2400,#2401,#2402));
#2404=FACE_BOUND('',#2403,.T.);
#2405=CARTESIAN_POINT('',(-105.794228634,3.5,-10.));
#2406=DIRECTION('',(1.,-0.,0.));
#2407=VECTOR('',#2406,30.);
#2408=LINE('',#2405,#2407);
#2409=EDGE_CURVE('',#91,#2290,#2408,.T.);
#2410=ORIENTED_EDGE('',*,*,#2409,.T.);
#2411=ORIENTED_EDGE('',*,*,#2295,.T.);
#2412=ORIENTED_EDGE('',*,*,#202,.T.);
#2413=ORIENTED_EDGE('',*,*,#169,.T.);
#2414=ORIENTED_EDGE('',*,*,#138,.T.);
#2415=ORIENTED_EDGE('',*,*,#105,.T.);
#2416=EDGE_LOOP('',(#2410,#2411,#2412,#2413,#2414,#2415));
#2417=FACE_BOUND('',#2416,.T.);
#2418=ADVANCED_FACE('',(#2351,#2367,#2379,#2391,#2404,#2417),#2319,.F.);
#2419=CARTESIAN_POINT('',(-71.5,-54.207531755,50.));
#2420=DIRECTION('',(0.,0.,1.));
#2421=DIRECTION('',(-1.,-0.,0.));
#2422=AXIS2_PLACEMENT_3D('',#2419,#2420,#2421);
#2423=PLANE('',#2422);
#2424=ORIENTED_EDGE('',*,*,#1211,.F.);
#2425=ORIENTED_EDGE('',*,*,#1250,.F.);
#2426=ORIENTED_EDGE('',*,*,#1282,.F.);
#2427=ORIENTED_EDGE('',*,*,#1314,.F.);
#2428=ORIENTED_EDGE('',*,*,#1346,.F.);
#2429=ORIENTED_EDGE('',*,*,#1378,.F.);
#2430=ORIENTED_EDGE('',*,*,#1409,.F.);
#2431=ORIENTED_EDGE('',*,*,#1440,.F.);
#2432=ORIENTED_EDGE('',*,*,#1472,.F.);
#2433=ORIENTED_EDGE('',*,*,#1504,.F.);
#2434=ORIENTED_EDGE('',*,*,#1536,.F.);
#2435=ORIENTED_EDGE('',*,*,#1568,.F.);
#2436=ORIENTED_EDGE('',*,*,#1599,.F.);
#2437=ORIENTED_EDGE('',*,*,#1631,.F.);
#2438=ORIENTED_EDGE('',*,*,#1663,.F.);
#2439=ORIENTED_EDGE('',*,*,#1696,.F.);
#2440=ORIENTED_EDGE('',*,*,#1727,.F.);
#2441=ORIENTED_EDGE('',*,*,#1758,.F.);
#2442=ORIENTED_EDGE('',*,*,#1789,.F.);
#2443=ORIENTED_EDGE('',*,*,#1821,.F.);
#2444=ORIENTED_EDGE('',*,*,#1853,.F.);
#2445=ORIENTED_EDGE('',*,*,#1884,.F.);
#2446=ORIENTED_EDGE('',*,*,#1916,.F.);
#2447=ORIENTED_EDGE('',*,*,#1948,.F.);
#2448=ORIENTED_EDGE('',*,*,#1979,.F.);
#2449=ORIENTED_EDGE('',*,*,#2011,.F.);
#2450=ORIENTED_EDGE('',*,*,#2043,.F.);
#2451=ORIENTED_EDGE('',*,*,#2074,.F.);
#2452=ORIENTED_EDGE('',*,*,#2106,.F.);
#2453=ORIENTED_EDGE('',*,*,#2262,.F.);
#2454=EDGE_LOOP('',(#2424,#2425,#2426,#2427,#2428,#2429,#2430,#2431,#2432,#2433,#2434,#2435,#2436,#2437,#2438,#2439,#2440,#2441,#2442,#2443,#2444,#2445,#2446,#2447,#2448,#2449,
#2450,#2451,#2452,#2453));
#2455=FACE_BOUND('',#2454,.T.);
#2456=ORIENTED_EDGE('',*,*,#735,.T.);
#2457=ORIENTED_EDGE('',*,*,#774,.T.);
#2458=ORIENTED_EDGE('',*,*,#806,.T.);
#2459=ORIENTED_EDGE('',*,*,#838,.T.);
#2460=ORIENTED_EDGE('',*,*,#870,.T.);
#2461=ORIENTED_EDGE('',*,*,#902,.T.);
#2462=ORIENTED_EDGE('',*,*,#933,.T.);
#2463=ORIENTED_EDGE('',*,*,#964,.T.);
#2464=ORIENTED_EDGE('',*,*,#1012,.T.);
#2465=ORIENTED_EDGE('',*,*,#1048,.T.);
#2466=ORIENTED_EDGE('',*,*,#1080,.T.);
#2467=ORIENTED_EDGE('',*,*,#1112,.T.);
#2468=ORIENTED_EDGE('',*,*,#1166,.T.);
#2469=ORIENTED_EDGE('',*,*,#2240,.T.);
#2470=EDGE_LOOP('',(#2456,#2457,#2458,#2459,#2460,#2461,#2462,#2463,#2464,#2465,#2466,#2467,#2468,#2469));
#2471=FACE_BOUND('',#2470,.T.);
#2472=ORIENTED_EDGE('',*,*,#2202,.F.);
#2473=CARTESIAN_POINT('',(-104.062177826,-102.5,50.));
#2474=DIRECTION('',(1.,0.,-0.));
#2475=VECTOR('',#2474,28.267949192);
#2476=LINE('',#2473,#2475);
#2477=EDGE_CURVE('',#2197,#616,#2476,.T.);
#2478=ORIENTED_EDGE('',*,*,#2477,.T.);
#2479=ORIENTED_EDGE('',*,*,#621,.F.);
#2480=ORIENTED_EDGE('',*,*,#669,.F.);
#2481=ORIENTED_EDGE('',*,*,#701,.F.);
#2482=EDGE_LOOP('',(#2472,#2478,#2479,#2480,#2481));
#2483=FACE_BOUND('',#2482,.T.);
#2484=CARTESIAN_POINT('',(-42.5,-87.5,50.));
#2485=DIRECTION('',(1.,0.,0.));
#2486=VECTOR('',#2485,30.);
#2487=LINE('',#2484,#2486);
#2488=EDGE_CURVE('',#445,#525,#2487,.T.);
#2489=ORIENTED_EDGE('',*,*,#2488,.T.);
#2490=ORIENTED_EDGE('',*,*,#532,.T.);
#2491=ORIENTED_EDGE('',*,*,#2177,.T.);
#2492=ORIENTED_EDGE('',*,*,#412,.T.);
#2493=ORIENTED_EDGE('',*,*,#450,.T.);
#2494=EDGE_LOOP('',(#2489,#2490,#2491,#2492,#2493));
#2495=FACE_BOUND('',#2494,.T.);
#2496=CARTESIAN_POINT('',(-12.5,3.5,50.));
#2497=DIRECTION('',(-1.,-0.,0.));
#2498=VECTOR('',#2497,30.);
#2499=LINE('',#2496,#2498);
#2500=EDGE_CURVE('',#2133,#259,#2499,.T.);
#2501=ORIENTED_EDGE('',*,*,#2500,.T.);
#2502=ORIENTED_EDGE('',*,*,#266,.T.);
#2503=ORIENTED_EDGE('',*,*,#314,.T.);
#2504=ORIENTED_EDGE('',*,*,#346,.T.);
#2505=ORIENTED_EDGE('',*,*,#378,.T.);
#2506=ORIENTED_EDGE('',*,*,#2138,.T.);
#2507=EDGE_LOOP('',(#2501,#2502,#2503,#2504,#2505,#2506));
#2508=FACE_BOUND('',#2507,.T.);
#2509=ORIENTED_EDGE('',*,*,#2286,.F.);
#2510=CARTESIAN_POINT('',(-75.794228634,3.5,50.));
#2511=DIRECTION('',(-1.,0.,-0.));
#2512=VECTOR('',#2511,30.);
#2513=LINE('',#2510,#2512);
#2514=EDGE_CURVE('',#2281,#75,#2513,.T.);
#2515=ORIENTED_EDGE('',*,*,#2514,.T.);
#2516=ORIENTED_EDGE('',*,*,#80,.F.);
#2517=ORIENTED_EDGE('',*,*,#128,.F.);
#2518=ORIENTED_EDGE('',*,*,#160,.F.);
#2519=ORIENTED_EDGE('',*,*,#192,.F.);
#2520=EDGE_LOOP('',(#2509,#2515,#2516,#2517,#2518,#2519));
#2521=FACE_BOUND('',#2520,.T.);
#2522=ADVANCED_FACE('',(#2455,#2471,#2483,#2495,#2508,#2521),#2423,.T.);
#2523=CARTESIAN_POINT('',(-12.5,3.5,-9.));
#2524=DIRECTION('',(1.,0.,0.));
#2525=DIRECTION('',(-0.,1.,0.));
#2526=AXIS2_PLACEMENT_3D('',#2523,#2524,#2525);
#2527=CYLINDRICAL_SURFACE('',#2526,1.);
#2528=ORIENTED_EDGE('',*,*,#2154,.F.);
#2529=ORIENTED_EDGE('',*,*,#2397,.F.);
#2530=ORIENTED_EDGE('',*,*,#283,.F.);
#2531=ORIENTED_EDGE('',*,*,#234,.F.);
#2532=EDGE_LOOP('',(#2528,#2529,#2530,#2531));
#2533=FACE_BOUND('',#2532,.T.);
#2534=ADVANCED_FACE('',(#2533),#2527,.T.);
#2535=CARTESIAN_POINT('',(-71.5,3.5,-9.));
#2536=DIRECTION('',(1.,-0.,0.));
#2537=DIRECTION('',(0.,1.,0.));
#2538=AXIS2_PLACEMENT_3D('',#2535,#2536,#2537);
#2539=CYLINDRICAL_SURFACE('',#2538,1.);
#2540=ORIENTED_EDGE('',*,*,#97,.F.);
#2541=ORIENTED_EDGE('',*,*,#48,.F.);
#2542=ORIENTED_EDGE('',*,*,#2302,.F.);
#2543=ORIENTED_EDGE('',*,*,#2409,.F.);
#2544=EDGE_LOOP('',(#2540,#2541,#2542,#2543));
#2545=FACE_BOUND('',#2544,.T.);
#2546=ADVANCED_FACE('',(#2545),#2539,.T.);
#2547=CARTESIAN_POINT('',(-71.5,-102.5,-9.));
#2548=DIRECTION('',(-1.,-0.,0.));
#2549=DIRECTION('',(0.,-1.,0.));
#2550=AXIS2_PLACEMENT_3D('',#2547,#2548,#2549);
#2551=CYLINDRICAL_SURFACE('',#2550,1.);
#2552=ORIENTED_EDGE('',*,*,#638,.F.);
#2553=ORIENTED_EDGE('',*,*,#589,.F.);
#2554=ORIENTED_EDGE('',*,*,#2218,.F.);
#2555=ORIENTED_EDGE('',*,*,#2372,.F.);
#2556=EDGE_LOOP('',(#2552,#2553,#2554,#2555));
#2557=FACE_BOUND('',#2556,.T.);
#2558=ADVANCED_FACE('',(#2557),#2551,.T.);
#2559=CARTESIAN_POINT('',(-42.5,-87.5,-9.));
#2560=DIRECTION('',(-1.,-0.,0.));
#2561=DIRECTION('',(0.,-1.,0.));
#2562=AXIS2_PLACEMENT_3D('',#2559,#2560,#2561);
#2563=CYLINDRICAL_SURFACE('',#2562,1.);
#2564=ORIENTED_EDGE('',*,*,#468,.F.);
#2565=ORIENTED_EDGE('',*,*,#2385,.F.);
#2566=ORIENTED_EDGE('',*,*,#549,.F.);
#2567=ORIENTED_EDGE('',*,*,#500,.F.);
#2568=EDGE_LOOP('',(#2564,#2565,#2566,#2567));
#2569=FACE_BOUND('',#2568,.T.);
#2570=ADVANCED_FACE('',(#2569),#2563,.T.);
#2571=CARTESIAN_POINT('',(-75.794228634,-102.5,49.));
#2572=DIRECTION('',(1.,0.,0.));
#2573=DIRECTION('',(-0.,1.,0.));
#2574=AXIS2_PLACEMENT_3D('',#2571,#2572,#2573);
#2575=CYLINDRICAL_SURFACE('',#2574,1.);
#2576=ORIENTED_EDGE('',*,*,#628,.F.);
#2577=ORIENTED_EDGE('',*,*,#2477,.F.);
#2578=ORIENTED_EDGE('',*,*,#2226,.F.);
#2579=ORIENTED_EDGE('',*,*,#603,.F.);
#2580=EDGE_LOOP('',(#2576,#2577,#2578,#2579));
#2581=FACE_BOUND('',#2580,.T.);
#2582=ADVANCED_FACE('',(#2581),#2575,.T.);
#2583=CARTESIAN_POINT('',(-71.5,-87.5,49.));
#2584=DIRECTION('',(1.,0.,0.));
#2585=DIRECTION('',(-0.,1.,0.));
#2586=AXIS2_PLACEMENT_3D('',#2583,#2584,#2585);
#2587=CYLINDRICAL_SURFACE('',#2586,1.);
#2588=ORIENTED_EDGE('',*,*,#483,.F.);
#2589=ORIENTED_EDGE('',*,*,#514,.F.);
#2590=ORIENTED_EDGE('',*,*,#539,.F.);
#2591=ORIENTED_EDGE('',*,*,#2488,.F.);
#2592=EDGE_LOOP('',(#2588,#2589,#2590,#2591));
#2593=FACE_BOUND('',#2592,.T.);
#2594=ADVANCED_FACE('',(#2593),#2587,.T.);
#2595=CARTESIAN_POINT('',(-71.5,3.5,49.));
#2596=DIRECTION('',(-1.,-0.,0.));
#2597=DIRECTION('',(0.,-1.,0.));
#2598=AXIS2_PLACEMENT_3D('',#2595,#2596,#2597);
#2599=CYLINDRICAL_SURFACE('',#2598,1.);
#2600=ORIENTED_EDGE('',*,*,#2162,.F.);
#2601=ORIENTED_EDGE('',*,*,#248,.F.);
#2602=ORIENTED_EDGE('',*,*,#273,.F.);
#2603=ORIENTED_EDGE('',*,*,#2500,.F.);
#2604=EDGE_LOOP('',(#2600,#2601,#2602,#2603));
#2605=FACE_BOUND('',#2604,.T.);
#2606=ADVANCED_FACE('',(#2605),#2599,.T.);
#2607=CARTESIAN_POINT('',(-105.794228634,3.5,49.));
#2608=DIRECTION('',(-1.,0.,0.));
#2609=DIRECTION('',(-0.,-1.,0.));
#2610=AXIS2_PLACEMENT_3D('',#2607,#2608,#2609);
#2611=CYLINDRICAL_SURFACE('',#2610,1.);
#2612=ORIENTED_EDGE('',*,*,#87,.F.);
#2613=ORIENTED_EDGE('',*,*,#2514,.F.);
#2614=ORIENTED_EDGE('',*,*,#2310,.F.);
#2615=ORIENTED_EDGE('',*,*,#62,.F.);
#2616=EDGE_LOOP('',(#2612,#2613,#2614,#2615));
#2617=FACE_BOUND('',#2616,.T.);
#2618=ADVANCED_FACE('',(#2617),#2611,.T.);
#2619=CLOSED_SHELL('',(#66,#115,#148,#179,#212,#252,#301,#334,#365,#398,#438,#487,#518,#567,#607,#656,#689,#720,#762,#793,#826,#857,#890,#921,#952,#983,
#1036,#1067,#1100,#1131,#1192,#1238,#1269,#1302,#1333,#1366,#1397,#1428,#1459,#1492,#1523,#1556,#1587,#1618,#1651,#1682,#1715,#1746,#1777,#1808,#1841,
#1872,#1903,#1936,#1967,#1998,#2031,#2062,#2093,#2126,#2166,#2190,#2230,#2252,#2274,#2314,#2418,#2522,#2534,#2546,#2558,#2570,#2582,#2594,#2606,#2618));
#2620=MANIFOLD_SOLID_BREP('\X2\04220435043B043E\X0\_1:1',#2619);
#2621=COLOUR_RGB('',0.592156887,0.592156887,0.592156887);
#2622=FILL_AREA_STYLE_COLOUR('',#2621);
#2623=FILL_AREA_STYLE('',(#2622));
#2624=SURFACE_STYLE_FILL_AREA(#2623);
#2625=SURFACE_SIDE_STYLE('',(#2624));
#2626=SURFACE_STYLE_USAGE(.BOTH.,#2625);
#2627=PRESENTATION_STYLE_ASSIGNMENT((#2626));
#26=STYLED_ITEM('',(#2627),#2620);
#2629=CARTESIAN_POINT('',(0.,-84.,40.));
#2630=DIRECTION('',(1.,0.,0.));
#2631=DIRECTION('',(0.,0.,-1.));
#2632=AXIS2_PLACEMENT_3D('',#2629,#2630,#2631);
#2633=PLANE('',#2632);
#2634=CARTESIAN_POINT('',(0.,-6.232175198,40.));
#2635=VERTEX_POINT('',#2634);
#2636=CARTESIAN_POINT('',(0.,-83.,40.));
#2637=VERTEX_POINT('',#2636);
#2638=CARTESIAN_POINT('',(0.,-6.232175198,40.));
#2639=DIRECTION('',(0.,-1.,0.));
#2640=VECTOR('',#2639,76.767824802);
#2641=LINE('',#2638,#2640);
#2642=EDGE_CURVE('',#2635,#2637,#2641,.T.);
#2643=ORIENTED_EDGE('',*,*,#2642,.F.);
#2644=CARTESIAN_POINT('',(0.,-6.232175198,0.));
#2645=VERTEX_POINT('',#2644);
#2646=CARTESIAN_POINT('',(0.,-6.232175198,40.));
#2647=DIRECTION('',(-0.,-0.,-1.));
#2648=VECTOR('',#2647,40.);
#2649=LINE('',#2646,#2648);
#2650=EDGE_CURVE('',#2635,#2645,#2649,.T.);
#2651=ORIENTED_EDGE('',*,*,#2650,.T.);
#2652=CARTESIAN_POINT('',(0.,-83.,0.));
#2653=VERTEX_POINT('',#2652);
#2654=CARTESIAN_POINT('',(0.,-6.232175198,0.));
#2655=DIRECTION('',(0.,-1.,0.));
#2656=VECTOR('',#2655,76.767824802);
#2657=LINE('',#2654,#2656);
#2658=EDGE_CURVE('',#2645,#2653,#2657,.T.);
#2659=ORIENTED_EDGE('',*,*,#2658,.T.);
#2660=CARTESIAN_POINT('',(0.,-83.,0.));
#2661=DIRECTION('',(-0.,-0.,1.));
#2662=VECTOR('',#2661,40.);
#2663=LINE('',#2660,#2662);
#2664=EDGE_CURVE('',#2653,#2637,#2663,.T.);
#2665=ORIENTED_EDGE('',*,*,#2664,.T.);
#2666=EDGE_LOOP('',(#2643,#2651,#2659,#2665));
#2667=FACE_BOUND('',#2666,.T.);
#2668=ADVANCED_FACE('',(#2667),#2633,.F.);
#2669=CARTESIAN_POINT('',(0.,-84.,40.));
#2670=DIRECTION('',(0.,-1.,0.));
#2671=DIRECTION('',(0.,0.,-1.));
#2672=AXIS2_PLACEMENT_3D('',#2669,#2670,#2671);
#2673=PLANE('',#2672);
#2674=CARTESIAN_POINT('',(-1.,-84.,40.));
#2675=VERTEX_POINT('',#2674);
#2676=CARTESIAN_POINT('',(-43.816074584,-84.,40.));
#2677=VERTEX_POINT('',#2676);
#2678=CARTESIAN_POINT('',(-1.,-84.,40.));
#2679=DIRECTION('',(-1.,0.,0.));
#2680=VECTOR('',#2679,42.816074584);
#2681=LINE('',#2678,#2680);
#2682=EDGE_CURVE('',#2675,#2677,#2681,.T.);
#2683=ORIENTED_EDGE('',*,*,#2682,.F.);
#2684=CARTESIAN_POINT('',(-1.,-84.,0.));
#2685=VERTEX_POINT('',#2684);
#2686=CARTESIAN_POINT('',(-1.,-84.,40.));
#2687=DIRECTION('',(0.,0.,-1.));
#2688=VECTOR('',#2687,40.);
#2689=LINE('',#2686,#2688);
#2690=EDGE_CURVE('',#2675,#2685,#2689,.T.);
#2691=ORIENTED_EDGE('',*,*,#2690,.T.);
#2692=CARTESIAN_POINT('',(-43.816074584,-84.,0.));
#2693=VERTEX_POINT('',#2692);
#2694=CARTESIAN_POINT('',(-1.,-84.,0.));
#2695=DIRECTION('',(-1.,0.,0.));
#2696=VECTOR('',#2695,42.816074584);
#2697=LINE('',#2694,#2696);
#2698=EDGE_CURVE('',#2685,#2693,#2697,.T.);
#2699=ORIENTED_EDGE('',*,*,#2698,.T.);
#2700=CARTESIAN_POINT('',(-43.816074584,-84.,40.));
#2701=DIRECTION('',(0.,0.,-1.));
#2702=VECTOR('',#2701,40.);
#2703=LINE('',#2700,#2702);
#2704=EDGE_CURVE('',#2677,#2693,#2703,.T.);
#2705=ORIENTED_EDGE('',*,*,#2704,.F.);
#2706=EDGE_LOOP('',(#2683,#2691,#2699,#2705));
#2707=FACE_BOUND('',#2706,.T.);
#2708=ADVANCED_FACE('',(#2707),#2673,.F.);
#2709=CARTESIAN_POINT('',(-43.816074584,-87.183925416,40.));
#2710=DIRECTION('',(0.,0.,-1.));
#2711=DIRECTION('',(-1.,0.,0.));
#2712=AXIS2_PLACEMENT_3D('',#2709,#2710,#2711);
#2713=CYLINDRICAL_SURFACE('',#2712,3.183925416);
#2714=CARTESIAN_POINT('',(-47.,-87.183925416,0.));
#2715=VERTEX_POINT('',#2714);
#2716=CARTESIAN_POINT('',(-43.816074584,-87.183925416,0.));
#2717=DIRECTION('',(0.,0.,1.));
#2718=DIRECTION('',(0.,-1.,0.));
#2719=AXIS2_PLACEMENT_3D('',#2716,#2717,#2718);
#2720=CIRCLE('',#2719,3.183925416);
#2721=EDGE_CURVE('',#2693,#2715,#2720,.T.);
#2722=ORIENTED_EDGE('',*,*,#2721,.T.);
#2723=CARTESIAN_POINT('',(-47.,-87.183925416,40.));
#2724=VERTEX_POINT('',#2723);
#2725=CARTESIAN_POINT('',(-47.,-87.183925416,40.));
#2726=DIRECTION('',(0.,0.,-1.));
#2727=VECTOR('',#2726,40.);
#2728=LINE('',#2725,#2727);
#2729=EDGE_CURVE('',#2724,#2715,#2728,.T.);
#2730=ORIENTED_EDGE('',*,*,#2729,.F.);
#2731=CARTESIAN_POINT('',(-43.816074584,-87.183925416,40.));
#2732=DIRECTION('',(0.,0.,1.));
#2733=DIRECTION('',(0.,-1.,0.));
#2734=AXIS2_PLACEMENT_3D('',#2731,#2732,#2733);
#2735=CIRCLE('',#2734,3.183925416);
#2736=EDGE_CURVE('',#2677,#2724,#2735,.T.);
#2737=ORIENTED_EDGE('',*,*,#2736,.F.);
#2738=ORIENTED_EDGE('',*,*,#2704,.T.);
#2739=EDGE_LOOP('',(#2722,#2730,#2737,#2738));
#2740=FACE_BOUND('',#2739,.T.);
#2741=ADVANCED_FACE('',(#2740),#2713,.T.);
#2742=CARTESIAN_POINT('',(-47.,-87.183925416,40.));
#2743=DIRECTION('',(1.,0.,0.));
#2744=DIRECTION('',(0.,0.,-1.));
#2745=AXIS2_PLACEMENT_3D('',#2742,#2743,#2744);
#2746=PLANE('',#2745);
#2747=CARTESIAN_POINT('',(-47.,-98.,0.));
#2748=VERTEX_POINT('',#2747);
#2749=CARTESIAN_POINT('',(-47.,-87.183925416,0.));
#2750=DIRECTION('',(0.,-1.,0.));
#2751=VECTOR('',#2750,10.816074584);
#2752=LINE('',#2749,#2751);
#2753=EDGE_CURVE('',#2715,#2748,#2752,.T.);
#2754=ORIENTED_EDGE('',*,*,#2753,.T.);
#2755=CARTESIAN_POINT('',(-47.,-98.,40.));
#2756=VERTEX_POINT('',#2755);
#2757=CARTESIAN_POINT('',(-47.,-98.,0.));
#2758=DIRECTION('',(-0.,-0.,1.));
#2759=VECTOR('',#2758,40.);
#2760=LINE('',#2757,#2759);
#2761=EDGE_CURVE('',#2748,#2756,#2760,.T.);
#2762=ORIENTED_EDGE('',*,*,#2761,.T.);
#2763=CARTESIAN_POINT('',(-47.,-87.183925416,40.));
#2764=DIRECTION('',(0.,-1.,0.));
#2765=VECTOR('',#2764,10.816074584);
#2766=LINE('',#2763,#2765);
#2767=EDGE_CURVE('',#2724,#2756,#2766,.T.);
#2768=ORIENTED_EDGE('',*,*,#2767,.F.);
#2769=ORIENTED_EDGE('',*,*,#2729,.T.);
#2770=EDGE_LOOP('',(#2754,#2762,#2768,#2769));
#2771=FACE_BOUND('',#2770,.T.);
#2772=ADVANCED_FACE('',(#2771),#2746,.F.);
#2773=CARTESIAN_POINT('',(-47.,-99.,40.));
#2774=DIRECTION('',(0.,-1.,0.));
#2775=DIRECTION('',(0.,0.,-1.));
#2776=AXIS2_PLACEMENT_3D('',#2773,#2774,#2775);
#2777=PLANE('',#2776);
#2778=CARTESIAN_POINT('',(-48.,-99.,40.));
#2779=VERTEX_POINT('',#2778);
#2780=CARTESIAN_POINT('',(-107.,-99.,40.));
#2781=VERTEX_POINT('',#2780);
#2782=CARTESIAN_POINT('',(-48.,-99.,40.));
#2783=DIRECTION('',(-1.,0.,0.));
#2784=VECTOR('',#2783,59.);
#2785=LINE('',#2782,#2784);
#2786=EDGE_CURVE('',#2779,#2781,#2785,.T.);
#2787=ORIENTED_EDGE('',*,*,#2786,.F.);
#2788=CARTESIAN_POINT('',(-48.,-99.,0.));
#2789=VERTEX_POINT('',#2788);
#2790=CARTESIAN_POINT('',(-48.,-99.,40.));
#2791=DIRECTION('',(0.,0.,-1.));
#2792=VECTOR('',#2791,40.);
#2793=LINE('',#2790,#2792);
#2794=EDGE_CURVE('',#2779,#2789,#2793,.T.);
#2795=ORIENTED_EDGE('',*,*,#2794,.T.);
#2796=CARTESIAN_POINT('',(-107.,-99.,0.));
#2797=VERTEX_POINT('',#2796);
#2798=CARTESIAN_POINT('',(-48.,-99.,0.));
#2799=DIRECTION('',(-1.,0.,0.));
#2800=VECTOR('',#2799,59.);
#2801=LINE('',#2798,#2800);
#2802=EDGE_CURVE('',#2789,#2797,#2801,.T.);
#2803=ORIENTED_EDGE('',*,*,#2802,.T.);
#2804=CARTESIAN_POINT('',(-107.,-99.,40.));
#2805=DIRECTION('',(0.,0.,-1.));
#2806=VECTOR('',#2805,40.);
#2807=LINE('',#2804,#2806);
#2808=EDGE_CURVE('',#2781,#2797,#2807,.T.);
#2809=ORIENTED_EDGE('',*,*,#2808,.F.);
#2810=EDGE_LOOP('',(#2787,#2795,#2803,#2809));
#2811=FACE_BOUND('',#2810,.T.);
#2812=ADVANCED_FACE('',(#2811),#2777,.F.);
#2813=CARTESIAN_POINT('',(-107.,-99.,40.));
#2814=DIRECTION('',(0.5,-0.866025404,0.));
#2815=DIRECTION('',(0.866025404,0.5,0.));
#2816=AXIS2_PLACEMENT_3D('',#2813,#2814,#2815);
#2817=PLANE('',#2816);
#2818=CARTESIAN_POINT('',(-121.722431864,-107.5,0.));
#2819=VERTEX_POINT('',#2818);
#2820=CARTESIAN_POINT('',(-107.,-99.,0.));
#2821=DIRECTION('',(-0.866025404,-0.5,0.));
#2822=VECTOR('',#2821,17.);
#2823=LINE('',#2820,#2822);
#2824=EDGE_CURVE('',#2797,#2819,#2823,.T.);
#2825=ORIENTED_EDGE('',*,*,#2824,.T.);
#2826=CARTESIAN_POINT('',(-121.722431864,-107.5,40.));
#2827=VERTEX_POINT('',#2826);
#2828=CARTESIAN_POINT('',(-121.722431864,-107.5,40.));
#2829=DIRECTION('',(0.,0.,-1.));
#2830=VECTOR('',#2829,40.);
#2831=LINE('',#2828,#2830);
#2832=EDGE_CURVE('',#2827,#2819,#2831,.T.);
#2833=ORIENTED_EDGE('',*,*,#2832,.F.);
#2834=CARTESIAN_POINT('',(-107.,-99.,40.));
#2835=DIRECTION('',(-0.866025404,-0.5,0.));
#2836=VECTOR('',#2835,17.);
#2837=LINE('',#2834,#2836);
#2838=EDGE_CURVE('',#2781,#2827,#2837,.T.);
#2839=ORIENTED_EDGE('',*,*,#2838,.F.);
#2840=ORIENTED_EDGE('',*,*,#2808,.T.);
#2841=EDGE_LOOP('',(#2825,#2833,#2839,#2840));
#2842=FACE_BOUND('',#2841,.T.);
#2843=ADVANCED_FACE('',(#2842),#2817,.F.);
#2844=CARTESIAN_POINT('',(-121.722431864,-107.5,40.));
#2845=DIRECTION('',(-0.866025404,-0.5,0.));
#2846=DIRECTION('',(0.5,-0.866025404,0.));
#2847=AXIS2_PLACEMENT_3D('',#2844,#2845,#2846);
#2848=PLANE('',#2847);
#2849=CARTESIAN_POINT('',(-135.29016319,-84.,0.));
#2850=VERTEX_POINT('',#2849);
#2851=CARTESIAN_POINT('',(-121.722431864,-107.5,0.));
#2852=DIRECTION('',(-0.5,0.866025404,0.));
#2853=VECTOR('',#2852,27.135462652);
#2854=LINE('',#2851,#2853);
#2855=EDGE_CURVE('',#2819,#2850,#2854,.T.);
#2856=ORIENTED_EDGE('',*,*,#2855,.T.);
#2857=CARTESIAN_POINT('',(-135.29016319,-84.,40.));
#2858=VERTEX_POINT('',#2857);
#2859=CARTESIAN_POINT('',(-135.29016319,-84.,40.));
#2860=DIRECTION('',(0.,0.,-1.));
#2861=VECTOR('',#2860,40.);
#2862=LINE('',#2859,#2861);
#2863=EDGE_CURVE('',#2858,#2850,#2862,.T.);
#2864=ORIENTED_EDGE('',*,*,#2863,.F.);
#2865=CARTESIAN_POINT('',(-121.722431864,-107.5,40.));
#2866=DIRECTION('',(-0.5,0.866025404,0.));
#2867=VECTOR('',#2866,27.135462652);
#2868=LINE('',#2865,#2867);
#2869=EDGE_CURVE('',#2827,#2858,#2868,.T.);
#2870=ORIENTED_EDGE('',*,*,#2869,.F.);
#2871=ORIENTED_EDGE('',*,*,#2832,.T.);
#2872=EDGE_LOOP('',(#2856,#2864,#2870,#2871));
#2873=FACE_BOUND('',#2872,.T.);
#2874=ADVANCED_FACE('',(#2873),#2848,.F.);
#2875=CARTESIAN_POINT('',(-59.70111733,-49.,40.));
#2876=DIRECTION('',(0.,0.,-1.));
#2877=DIRECTION('',(-1.,0.,0.));
#2878=AXIS2_PLACEMENT_3D('',#2875,#2876,#2877);
#2879=CYLINDRICAL_SURFACE('',#2878,83.29888267);
#2880=CARTESIAN_POINT('',(-143.,-49.,0.));
#2881=VERTEX_POINT('',#2880);
#2882=CARTESIAN_POINT('',(-59.70111733,-49.,0.));
#2883=DIRECTION('',(0.,0.,-1.));
#2884=DIRECTION('',(-1.,0.,0.));
#2885=AXIS2_PLACEMENT_3D('',#2882,#2883,#2884);
#2886=CIRCLE('',#2885,83.29888267);
#2887=EDGE_CURVE('',#2850,#2881,#2886,.T.);
#2888=ORIENTED_EDGE('',*,*,#2887,.T.);
#2889=CARTESIAN_POINT('',(-143.,-49.,40.));
#2890=VERTEX_POINT('',#2889);
#2891=CARTESIAN_POINT('',(-143.,-49.,40.));
#2892=DIRECTION('',(0.,0.,-1.));
#2893=VECTOR('',#2892,40.);
#2894=LINE('',#2891,#2893);
#2895=EDGE_CURVE('',#2890,#2881,#2894,.T.);
#2896=ORIENTED_EDGE('',*,*,#2895,.F.);
#2897=CARTESIAN_POINT('',(-59.70111733,-49.,40.));
#2898=DIRECTION('',(0.,0.,-1.));
#2899=DIRECTION('',(-1.,0.,0.));
#2900=AXIS2_PLACEMENT_3D('',#2897,#2898,#2899);
#2901=CIRCLE('',#2900,83.29888267);
#2902=EDGE_CURVE('',#2858,#2890,#2901,.T.);
#2903=ORIENTED_EDGE('',*,*,#2902,.F.);
#2904=ORIENTED_EDGE('',*,*,#2863,.T.);
#2905=EDGE_LOOP('',(#2888,#2896,#2903,#2904));
#2906=FACE_BOUND('',#2905,.T.);
#2907=ADVANCED_FACE('',(#2906),#2879,.F.);
#2908=CARTESIAN_POINT('',(-143.,-49.,40.));
#2909=DIRECTION('',(-1.,0.,0.));
#2910=DIRECTION('',(0.,0.,1.));
#2911=AXIS2_PLACEMENT_3D('',#2908,#2909,#2910);
#2912=PLANE('',#2911);
#2913=CARTESIAN_POINT('',(-143.,-1.,0.));
#2914=VERTEX_POINT('',#2913);
#2915=CARTESIAN_POINT('',(-143.,-49.,0.));
#2916=DIRECTION('',(0.,1.,0.));
#2917=VECTOR('',#2916,48.);
#2918=LINE('',#2915,#2917);
#2919=EDGE_CURVE('',#2881,#2914,#2918,.T.);
#2920=ORIENTED_EDGE('',*,*,#2919,.T.);
#2921=CARTESIAN_POINT('',(-143.,-1.,40.));
#2922=VERTEX_POINT('',#2921);
#2923=CARTESIAN_POINT('',(-143.,-1.,0.));
#2924=DIRECTION('',(-0.,-0.,1.));
#2925=VECTOR('',#2924,40.);
#2926=LINE('',#2923,#2925);
#2927=EDGE_CURVE('',#2914,#2922,#2926,.T.);
#2928=ORIENTED_EDGE('',*,*,#2927,.T.);
#2929=CARTESIAN_POINT('',(-143.,-49.,40.));
#2930=DIRECTION('',(0.,1.,0.));
#2931=VECTOR('',#2930,48.);
#2932=LINE('',#2929,#2931);
#2933=EDGE_CURVE('',#2890,#2922,#2932,.T.);
#2934=ORIENTED_EDGE('',*,*,#2933,.F.);
#2935=ORIENTED_EDGE('',*,*,#2895,.T.);
#2936=EDGE_LOOP('',(#2920,#2928,#2934,#2935));
#2937=FACE_BOUND('',#2936,.T.);
#2938=ADVANCED_FACE('',(#2937),#2912,.F.);
#2939=CARTESIAN_POINT('',(-143.,0.,40.));
#2940=DIRECTION('',(0.,1.,0.));
#2941=DIRECTION('',(0.,0.,1.));
#2942=AXIS2_PLACEMENT_3D('',#2939,#2940,#2941);
#2943=PLANE('',#2942);
#2944=CARTESIAN_POINT('',(-142.,0.,40.));
#2945=VERTEX_POINT('',#2944);
#2946=CARTESIAN_POINT('',(-53.,0.,40.));
#2947=VERTEX_POINT('',#2946);
#2948=CARTESIAN_POINT('',(-142.,0.,40.));
#2949=DIRECTION('',(1.,0.,-0.));
#2950=VECTOR('',#2949,89.);
#2951=LINE('',#2948,#2950);
#2952=EDGE_CURVE('',#2945,#2947,#2951,.T.);
#2953=ORIENTED_EDGE('',*,*,#2952,.F.);
#2954=CARTESIAN_POINT('',(-142.,0.,0.));
#2955=VERTEX_POINT('',#2954);
#2956=CARTESIAN_POINT('',(-142.,0.,40.));
#2957=DIRECTION('',(0.,0.,-1.));
#2958=VECTOR('',#2957,40.);
#2959=LINE('',#2956,#2958);
#2960=EDGE_CURVE('',#2945,#2955,#2959,.T.);
#2961=ORIENTED_EDGE('',*,*,#2960,.T.);
#2962=CARTESIAN_POINT('',(-53.,0.,0.));
#2963=VERTEX_POINT('',#2962);
#2964=CARTESIAN_POINT('',(-142.,0.,0.));
#2965=DIRECTION('',(1.,0.,-0.));
#2966=VECTOR('',#2965,89.);
#2967=LINE('',#2964,#2966);
#2968=EDGE_CURVE('',#2955,#2963,#2967,.T.);
#2969=ORIENTED_EDGE('',*,*,#2968,.T.);
#2970=CARTESIAN_POINT('',(-53.,0.,40.));
#2971=DIRECTION('',(0.,0.,-1.));
#2972=VECTOR('',#2971,40.);
#2973=LINE('',#2970,#2972);
#2974=EDGE_CURVE('',#2947,#2963,#2973,.T.);
#2975=ORIENTED_EDGE('',*,*,#2974,.F.);
#2976=EDGE_LOOP('',(#2953,#2961,#2969,#2975));
#2977=FACE_BOUND('',#2976,.T.);
#2978=ADVANCED_FACE('',(#2977),#2943,.F.);
#2979=CARTESIAN_POINT('',(-53.,2.5,40.));
#2980=CARTESIAN_POINT('',(-53.,2.5,0.));
#2981=CARTESIAN_POINT('',(-11.484872157,1.51303211,40.));
#2982=CARTESIAN_POINT('',(-11.484872157,1.51303211,0.));
#2983=CARTESIAN_POINT('',(1.002019305,-0.621305571,40.));
#2984=CARTESIAN_POINT('',(1.002019305,-0.621305571,0.));
#2985=CARTESIAN_POINT('',(2.463204265,-5.857817627,40.));
#2986=CARTESIAN_POINT('',(2.463204265,-5.857817627,0.));
#2987=B_SPLINE_SURFACE_WITH_KNOTS('',3,1,((#2979,#2980),(#2981,#2982),(#2983,#2984),(#2985,#2986)),.UNSPECIFIED.,.F.,.F.,.U.,(4,4),(2,2),(0.,0.991077723),(0.,1.),.UNSPECIFIED.);
#2988=CARTESIAN_POINT('',(-53.,2.5,40.));
#2989=VERTEX_POINT('',#2988);
#2990=CARTESIAN_POINT('',(2.463204265,-5.857817627,40.));
#2991=VERTEX_POINT('',#2990);
#2992=CARTESIAN_POINT('',(-53.,2.5,40.));
#2993=CARTESIAN_POINT('',(-11.484887379,1.513032472,40.));
#2994=CARTESIAN_POINT('',(1.002010148,-0.621304006,40.));
#2995=CARTESIAN_POINT('',(2.463202658,-5.857811867,40.));
#2996=B_SPLINE_CURVE_WITH_KNOTS('',3,(#2992,#2993,#2994,#2995),.UNSPECIFIED.,.F.,.F.,(4,4),(0.,0.99107736),.UNSPECIFIED.);
#2997=EDGE_CURVE('',#2989,#2991,#2996,.T.);
#2998=ORIENTED_EDGE('',*,*,#2997,.T.);
#2999=CARTESIAN_POINT('',(2.463204265,-5.857817627,0.));
#3000=VERTEX_POINT('',#2999);
#3001=CARTESIAN_POINT('',(2.463204265,-5.857817627,40.));
#3002=DIRECTION('',(0.,0.,-1.));
#3003=VECTOR('',#3002,40.);
#3004=LINE('',#3001,#3003);
#3005=EDGE_CURVE('',#2991,#3000,#3004,.T.);
#3006=ORIENTED_EDGE('',*,*,#3005,.T.);
#3007=CARTESIAN_POINT('',(-53.,2.5,0.));
#3008=VERTEX_POINT('',#3007);
#3009=CARTESIAN_POINT('',(-53.,2.5,0.));
#3010=CARTESIAN_POINT('',(-11.484887379,1.513032472,0.));
#3011=CARTESIAN_POINT('',(1.002010148,-0.621304006,0.));
#3012=CARTESIAN_POINT('',(2.463202658,-5.857811867,0.));
#3013=B_SPLINE_CURVE_WITH_KNOTS('',3,(#3009,#3010,#3011,#3012),.UNSPECIFIED.,.F.,.F.,(4,4),(0.,0.99107736),.UNSPECIFIED.);
#3014=EDGE_CURVE('',#3008,#3000,#3013,.T.);
#3015=ORIENTED_EDGE('',*,*,#3014,.F.);
#3016=CARTESIAN_POINT('',(-53.,2.5,40.));
#3017=DIRECTION('',(0.,0.,-1.));
#3018=VECTOR('',#3017,40.);
#3019=LINE('',#3016,#3018);
#3020=EDGE_CURVE('',#2989,#3008,#3019,.T.);
#3021=ORIENTED_EDGE('',*,*,#3020,.F.);
#3022=EDGE_LOOP('',(#2998,#3006,#3015,#3021));
#3023=FACE_BOUND('',#3022,.T.);
#3024=ADVANCED_FACE('',(#3023),#2987,.T.);
#3025=CARTESIAN_POINT('',(-145.5,2.5,40.));
#3026=DIRECTION('',(0.,1.,0.));
#3027=DIRECTION('',(0.,0.,1.));
#3028=AXIS2_PLACEMENT_3D('',#3025,#3026,#3027);
#3029=PLANE('',#3028);
#3030=CARTESIAN_POINT('',(-144.5,2.5,0.));
#3031=VERTEX_POINT('',#3030);
#3032=CARTESIAN_POINT('',(-144.5,2.5,0.));
#3033=DIRECTION('',(1.,0.,-0.));
#3034=VECTOR('',#3033,91.5);
#3035=LINE('',#3032,#3034);
#3036=EDGE_CURVE('',#3031,#3008,#3035,.T.);
#3037=ORIENTED_EDGE('',*,*,#3036,.F.);
#3038=CARTESIAN_POINT('',(-144.5,2.5,40.));
#3039=VERTEX_POINT('',#3038);
#3040=CARTESIAN_POINT('',(-144.5,2.5,0.));
#3041=DIRECTION('',(-0.,-0.,1.));
#3042=VECTOR('',#3041,40.);
#3043=LINE('',#3040,#3042);
#3044=EDGE_CURVE('',#3031,#3039,#3043,.T.);
#3045=ORIENTED_EDGE('',*,*,#3044,.T.);
#3046=CARTESIAN_POINT('',(-144.5,2.5,40.));
#3047=DIRECTION('',(1.,0.,-0.));
#3048=VECTOR('',#3047,91.5);
#3049=LINE('',#3046,#3048);
#3050=EDGE_CURVE('',#3039,#2989,#3049,.T.);
#3051=ORIENTED_EDGE('',*,*,#3050,.T.);
#3052=ORIENTED_EDGE('',*,*,#3020,.T.);
#3053=EDGE_LOOP('',(#3037,#3045,#3051,#3052));
#3054=FACE_BOUND('',#3053,.T.);
#3055=ADVANCED_FACE('',(#3054),#3029,.T.);
#3056=CARTESIAN_POINT('',(-145.5,-49.,40.));
#3057=DIRECTION('',(-1.,0.,0.));
#3058=DIRECTION('',(0.,0.,1.));
#3059=AXIS2_PLACEMENT_3D('',#3056,#3057,#3058);
#3060=PLANE('',#3059);
#3061=CARTESIAN_POINT('',(-145.5,-49.,40.));
#3062=VERTEX_POINT('',#3061);
#3063=CARTESIAN_POINT('',(-145.5,1.5,40.));
#3064=VERTEX_POINT('',#3063);
#3065=CARTESIAN_POINT('',(-145.5,-49.,40.));
#3066=DIRECTION('',(0.,1.,0.));
#3067=VECTOR('',#3066,50.5);
#3068=LINE('',#3065,#3067);
#3069=EDGE_CURVE('',#3062,#3064,#3068,.T.);
#3070=ORIENTED_EDGE('',*,*,#3069,.T.);
#3071=CARTESIAN_POINT('',(-145.5,1.5,0.));
#3072=VERTEX_POINT('',#3071);
#3073=CARTESIAN_POINT('',(-145.5,1.5,40.));
#3074=DIRECTION('',(0.,0.,-1.));
#3075=VECTOR('',#3074,40.);
#3076=LINE('',#3073,#3075);
#3077=EDGE_CURVE('',#3064,#3072,#3076,.T.);
#3078=ORIENTED_EDGE('',*,*,#3077,.T.);
#3079=CARTESIAN_POINT('',(-145.5,-49.,0.));
#3080=VERTEX_POINT('',#3079);
#3081=CARTESIAN_POINT('',(-145.5,-49.,0.));
#3082=DIRECTION('',(0.,1.,0.));
#3083=VECTOR('',#3082,50.5);
#3084=LINE('',#3081,#3083);
#3085=EDGE_CURVE('',#3080,#3072,#3084,.T.);
#3086=ORIENTED_EDGE('',*,*,#3085,.F.);
#3087=CARTESIAN_POINT('',(-145.5,-49.,40.));
#3088=DIRECTION('',(0.,0.,-1.));
#3089=VECTOR('',#3088,40.);
#3090=LINE('',#3087,#3089);
#3091=EDGE_CURVE('',#3062,#3080,#3090,.T.);
#3092=ORIENTED_EDGE('',*,*,#3091,.F.);
#3093=EDGE_LOOP('',(#3070,#3078,#3086,#3092));
#3094=FACE_BOUND('',#3093,.T.);
#3095=ADVANCED_FACE('',(#3094),#3060,.T.);
#3096=CARTESIAN_POINT('',(-59.928753512,-49.,40.));
#3097=DIRECTION('',(0.,0.,-1.));
#3098=DIRECTION('',(-1.,0.,0.));
#3099=AXIS2_PLACEMENT_3D('',#3096,#3097,#3098);
#3100=CYLINDRICAL_SURFACE('',#3099,85.571246488);
#3101=CARTESIAN_POINT('',(-137.387495374,-85.367314098,0.));
#3102=VERTEX_POINT('',#3101);
#3103=CARTESIAN_POINT('',(-59.928753512,-49.,0.));
#3104=DIRECTION('',(0.,0.,-1.));
#3105=DIRECTION('',(-1.,0.,0.));
#3106=AXIS2_PLACEMENT_3D('',#3103,#3104,#3105);
#3107=CIRCLE('',#3106,85.571246488);
#3108=EDGE_CURVE('',#3102,#3080,#3107,.T.);
#3109=ORIENTED_EDGE('',*,*,#3108,.F.);
#3110=CARTESIAN_POINT('',(-137.387495374,-85.367314098,40.));
#3111=VERTEX_POINT('',#3110);
#3112=CARTESIAN_POINT('',(-137.387495374,-85.367314098,40.));
#3113=DIRECTION('',(0.,0.,-1.));
#3114=VECTOR('',#3113,40.);
#3115=LINE('',#3112,#3114);
#3116=EDGE_CURVE('',#3111,#3102,#3115,.T.);
#3117=ORIENTED_EDGE('',*,*,#3116,.F.);
#3118=CARTESIAN_POINT('',(-59.928753512,-49.,40.));
#3119=DIRECTION('',(0.,0.,-1.));
#3120=DIRECTION('',(-1.,0.,0.));
#3121=AXIS2_PLACEMENT_3D('',#3118,#3119,#3120);
#3122=CIRCLE('',#3121,85.571246488);
#3123=EDGE_CURVE('',#3111,#3062,#3122,.T.);
#3124=ORIENTED_EDGE('',*,*,#3123,.T.);
#3125=ORIENTED_EDGE('',*,*,#3091,.T.);
#3126=EDGE_LOOP('',(#3109,#3117,#3124,#3125));
#3127=FACE_BOUND('',#3126,.T.);
#3128=ADVANCED_FACE('',(#3127),#3100,.T.);
#3129=CARTESIAN_POINT('',(-122.637495374,-110.915063509,40.));
#3130=DIRECTION('',(-0.866025404,-0.5,0.));
#3131=DIRECTION('',(0.5,-0.866025404,0.));
#3132=AXIS2_PLACEMENT_3D('',#3129,#3130,#3131);
#3133=PLANE('',#3132);
#3134=CARTESIAN_POINT('',(-122.637495374,-110.915063509,0.));
#3135=VERTEX_POINT('',#3134);
#3136=CARTESIAN_POINT('',(-122.637495374,-110.915063509,0.));
#3137=DIRECTION('',(-0.5,0.866025404,0.));
#3138=VECTOR('',#3137,29.5);
#3139=LINE('',#3136,#3138);
#3140=EDGE_CURVE('',#3135,#3102,#3139,.T.);
#3141=ORIENTED_EDGE('',*,*,#3140,.F.);
#3142=CARTESIAN_POINT('',(-122.637495374,-110.915063509,40.));
#3143=VERTEX_POINT('',#3142);
#3144=CARTESIAN_POINT('',(-122.637495374,-110.915063509,40.));
#3145=DIRECTION('',(0.,0.,-1.));
#3146=VECTOR('',#3145,40.);
#3147=LINE('',#3144,#3146);
#3148=EDGE_CURVE('',#3143,#3135,#3147,.T.);
#3149=ORIENTED_EDGE('',*,*,#3148,.F.);
#3150=CARTESIAN_POINT('',(-122.637495374,-110.915063509,40.));
#3151=DIRECTION('',(-0.5,0.866025404,0.));
#3152=VECTOR('',#3151,29.5);
#3153=LINE('',#3150,#3152);
#3154=EDGE_CURVE('',#3143,#3111,#3153,.T.);
#3155=ORIENTED_EDGE('',*,*,#3154,.T.);
#3156=ORIENTED_EDGE('',*,*,#3116,.T.);
#3157=EDGE_LOOP('',(#3141,#3149,#3155,#3156));
#3158=FACE_BOUND('',#3157,.T.);
#3159=ADVANCED_FACE('',(#3158),#3133,.T.);
#3160=CARTESIAN_POINT('',(-106.330127019,-101.5,40.));
#3161=DIRECTION('',(0.5,-0.866025404,0.));
#3162=DIRECTION('',(0.866025404,0.5,0.));
#3163=AXIS2_PLACEMENT_3D('',#3160,#3161,#3162);
#3164=PLANE('',#3163);
#3165=CARTESIAN_POINT('',(-106.330127019,-101.5,0.));
#3166=VERTEX_POINT('',#3165);
#3167=CARTESIAN_POINT('',(-106.330127019,-101.5,0.));
#3168=DIRECTION('',(-0.866025404,-0.5,0.));
#3169=VECTOR('',#3168,18.830127019);
#3170=LINE('',#3167,#3169);
#3171=EDGE_CURVE('',#3166,#3135,#3170,.T.);
#3172=ORIENTED_EDGE('',*,*,#3171,.F.);
#3173=CARTESIAN_POINT('',(-106.330127019,-101.5,40.));
#3174=VERTEX_POINT('',#3173);
#3175=CARTESIAN_POINT('',(-106.330127019,-101.5,40.));
#3176=DIRECTION('',(0.,0.,-1.));
#3177=VECTOR('',#3176,40.);
#3178=LINE('',#3175,#3177);
#3179=EDGE_CURVE('',#3174,#3166,#3178,.T.);
#3180=ORIENTED_EDGE('',*,*,#3179,.F.);
#3181=CARTESIAN_POINT('',(-106.330127019,-101.5,40.));
#3182=DIRECTION('',(-0.866025404,-0.5,0.));
#3183=VECTOR('',#3182,18.830127019);
#3184=LINE('',#3181,#3183);
#3185=EDGE_CURVE('',#3174,#3143,#3184,.T.);
#3186=ORIENTED_EDGE('',*,*,#3185,.T.);
#3187=ORIENTED_EDGE('',*,*,#3148,.T.);
#3188=EDGE_LOOP('',(#3172,#3180,#3186,#3187));
#3189=FACE_BOUND('',#3188,.T.);
#3190=ADVANCED_FACE('',(#3189),#3164,.T.);
#3191=CARTESIAN_POINT('',(-44.5,-101.5,40.));
#3192=DIRECTION('',(0.,-1.,0.));
#3193=DIRECTION('',(0.,0.,-1.));
#3194=AXIS2_PLACEMENT_3D('',#3191,#3192,#3193);
#3195=PLANE('',#3194);
#3196=CARTESIAN_POINT('',(-45.5,-101.5,0.));
#3197=VERTEX_POINT('',#3196);
#3198=CARTESIAN_POINT('',(-45.5,-101.5,0.));
#3199=DIRECTION('',(-1.,0.,0.));
#3200=VECTOR('',#3199,60.830127019);
#3201=LINE('',#3198,#3200);
#3202=EDGE_CURVE('',#3197,#3166,#3201,.T.);
#3203=ORIENTED_EDGE('',*,*,#3202,.F.);
#3204=CARTESIAN_POINT('',(-45.5,-101.5,40.));
#3205=VERTEX_POINT('',#3204);
#3206=CARTESIAN_POINT('',(-45.5,-101.5,0.));
#3207=DIRECTION('',(-0.,-0.,1.));
#3208=VECTOR('',#3207,40.);
#3209=LINE('',#3206,#3208);
#3210=EDGE_CURVE('',#3197,#3205,#3209,.T.);
#3211=ORIENTED_EDGE('',*,*,#3210,.T.);
#3212=CARTESIAN_POINT('',(-45.5,-101.5,40.));
#3213=DIRECTION('',(-1.,0.,0.));
#3214=VECTOR('',#3213,60.830127019);
#3215=LINE('',#3212,#3214);
#3216=EDGE_CURVE('',#3205,#3174,#3215,.T.);
#3217=ORIENTED_EDGE('',*,*,#3216,.T.);
#3218=ORIENTED_EDGE('',*,*,#3179,.T.);
#3219=EDGE_LOOP('',(#3203,#3211,#3217,#3218));
#3220=FACE_BOUND('',#3219,.T.);
#3221=ADVANCED_FACE('',(#3220),#3195,.T.);
#3222=CARTESIAN_POINT('',(-44.5,-87.925235814,40.));
#3223=DIRECTION('',(1.,0.,0.));
#3224=DIRECTION('',(0.,0.,-1.));
#3225=AXIS2_PLACEMENT_3D('',#3222,#3223,#3224);
#3226=PLANE('',#3225);
#3227=CARTESIAN_POINT('',(-44.5,-87.925235814,40.));
#3228=VERTEX_POINT('',#3227);
#3229=CARTESIAN_POINT('',(-44.5,-100.5,40.));
#3230=VERTEX_POINT('',#3229);
#3231=CARTESIAN_POINT('',(-44.5,-87.925235814,40.));
#3232=DIRECTION('',(0.,-1.,0.));
#3233=VECTOR('',#3232,12.574764186);
#3234=LINE('',#3231,#3233);
#3235=EDGE_CURVE('',#3228,#3230,#3234,.T.);
#3236=ORIENTED_EDGE('',*,*,#3235,.T.);
#3237=CARTESIAN_POINT('',(-44.5,-100.5,0.));
#3238=VERTEX_POINT('',#3237);
#3239=CARTESIAN_POINT('',(-44.5,-100.5,40.));
#3240=DIRECTION('',(0.,0.,-1.));
#3241=VECTOR('',#3240,40.);
#3242=LINE('',#3239,#3241);
#3243=EDGE_CURVE('',#3230,#3238,#3242,.T.);
#3244=ORIENTED_EDGE('',*,*,#3243,.T.);
#3245=CARTESIAN_POINT('',(-44.5,-87.925235814,0.));
#3246=VERTEX_POINT('',#3245);
#3247=CARTESIAN_POINT('',(-44.5,-87.925235814,0.));
#3248=DIRECTION('',(0.,-1.,0.));
#3249=VECTOR('',#3248,12.574764186);
#3250=LINE('',#3247,#3249);
#3251=EDGE_CURVE('',#3246,#3238,#3250,.T.);
#3252=ORIENTED_EDGE('',*,*,#3251,.F.);
#3253=CARTESIAN_POINT('',(-44.5,-87.925235814,40.));
#3254=DIRECTION('',(0.,0.,-1.));
#3255=VECTOR('',#3254,40.);
#3256=LINE('',#3253,#3255);
#3257=EDGE_CURVE('',#3228,#3246,#3256,.T.);
#3258=ORIENTED_EDGE('',*,*,#3257,.F.);
#3259=EDGE_LOOP('',(#3236,#3244,#3252,#3258));
#3260=FACE_BOUND('',#3259,.T.);
#3261=ADVANCED_FACE('',(#3260),#3226,.T.);
#3262=CARTESIAN_POINT('',(-43.074764186,-87.925235814,40.));
#3263=DIRECTION('',(0.,0.,-1.));
#3264=DIRECTION('',(-1.,0.,0.));
#3265=AXIS2_PLACEMENT_3D('',#3262,#3263,#3264);
#3266=CYLINDRICAL_SURFACE('',#3265,1.425235814);
#3267=CARTESIAN_POINT('',(-43.074764186,-86.5,0.));
#3268=VERTEX_POINT('',#3267);
#3269=CARTESIAN_POINT('',(-43.074764186,-87.925235814,0.));
#3270=DIRECTION('',(0.,0.,1.));
#3271=DIRECTION('',(-1.,0.,0.));
#3272=AXIS2_PLACEMENT_3D('',#3269,#3270,#3271);
#3273=CIRCLE('',#3272,1.425235814);
#3274=EDGE_CURVE('',#3268,#3246,#3273,.T.);
#3275=ORIENTED_EDGE('',*,*,#3274,.F.);
#3276=CARTESIAN_POINT('',(-43.074764186,-86.5,40.));
#3277=VERTEX_POINT('',#3276);
#3278=CARTESIAN_POINT('',(-43.074764186,-86.5,40.));
#3279=DIRECTION('',(0.,0.,-1.));
#3280=VECTOR('',#3279,40.);
#3281=LINE('',#3278,#3280);
#3282=EDGE_CURVE('',#3277,#3268,#3281,.T.);
#3283=ORIENTED_EDGE('',*,*,#3282,.F.);
#3284=CARTESIAN_POINT('',(-43.074764186,-87.925235814,40.));
#3285=DIRECTION('',(0.,0.,1.));
#3286=DIRECTION('',(-1.,0.,0.));
#3287=AXIS2_PLACEMENT_3D('',#3284,#3285,#3286);
#3288=CIRCLE('',#3287,1.425235814);
#3289=EDGE_CURVE('',#3277,#3228,#3288,.T.);
#3290=ORIENTED_EDGE('',*,*,#3289,.T.);
#3291=ORIENTED_EDGE('',*,*,#3257,.T.);
#3292=EDGE_LOOP('',(#3275,#3283,#3290,#3291));
#3293=FACE_BOUND('',#3292,.T.);
#3294=ADVANCED_FACE('',(#3293),#3266,.F.);
#3295=CARTESIAN_POINT('',(2.5,-86.5,40.));
#3296=DIRECTION('',(0.,-1.,0.));
#3297=DIRECTION('',(0.,0.,-1.));
#3298=AXIS2_PLACEMENT_3D('',#3295,#3296,#3297);
#3299=PLANE('',#3298);
#3300=CARTESIAN_POINT('',(1.5,-86.5,0.));
#3301=VERTEX_POINT('',#3300);
#3302=CARTESIAN_POINT('',(1.5,-86.5,0.));
#3303=DIRECTION('',(-1.,0.,0.));
#3304=VECTOR('',#3303,44.574764186);
#3305=LINE('',#3302,#3304);
#3306=EDGE_CURVE('',#3301,#3268,#3305,.T.);
#3307=ORIENTED_EDGE('',*,*,#3306,.F.);
#3308=CARTESIAN_POINT('',(1.5,-86.5,40.));
#3309=VERTEX_POINT('',#3308);
#3310=CARTESIAN_POINT('',(1.5,-86.5,0.));
#3311=DIRECTION('',(-0.,-0.,1.));
#3312=VECTOR('',#3311,40.);
#3313=LINE('',#3310,#3312);
#3314=EDGE_CURVE('',#3301,#3309,#3313,.T.);
#3315=ORIENTED_EDGE('',*,*,#3314,.T.);
#3316=CARTESIAN_POINT('',(1.5,-86.5,40.));
#3317=DIRECTION('',(-1.,0.,0.));
#3318=VECTOR('',#3317,44.574764186);
#3319=LINE('',#3316,#3318);
#3320=EDGE_CURVE('',#3309,#3277,#3319,.T.);
#3321=ORIENTED_EDGE('',*,*,#3320,.T.);
#3322=ORIENTED_EDGE('',*,*,#3282,.T.);
#3323=EDGE_LOOP('',(#3307,#3315,#3321,#3322));
#3324=FACE_BOUND('',#3323,.T.);
#3325=ADVANCED_FACE('',(#3324),#3299,.T.);
#3326=CARTESIAN_POINT('',(2.5,-6.,40.));
#3327=DIRECTION('',(1.,0.,0.));
#3328=DIRECTION('',(-0.,1.,0.));
#3329=AXIS2_PLACEMENT_3D('',#3326,#3327,#3328);
#3330=PLANE('',#3329);
#3331=CARTESIAN_POINT('',(2.5,-6.126588055,0.));
#3332=VERTEX_POINT('',#3331);
#3333=CARTESIAN_POINT('',(2.5,-85.5,0.));
#3334=VERTEX_POINT('',#3333);
#3335=CARTESIAN_POINT('',(2.5,-6.126588055,0.));
#3336=DIRECTION('',(0.,-1.,0.));
#3337=VECTOR('',#3336,79.373411945);
#3338=LINE('',#3335,#3337);
#3339=EDGE_CURVE('',#3332,#3334,#3338,.T.);
#3340=ORIENTED_EDGE('',*,*,#3339,.F.);
#3341=CARTESIAN_POINT('',(2.5,-6.126588055,40.));
#3342=VERTEX_POINT('',#3341);
#3343=CARTESIAN_POINT('',(2.5,-6.126588055,0.));
#3344=DIRECTION('',(-0.,-0.,1.));
#3345=VECTOR('',#3344,40.);
#3346=LINE('',#3343,#3345);
#3347=EDGE_CURVE('',#3332,#3342,#3346,.T.);
#3348=ORIENTED_EDGE('',*,*,#3347,.T.);
#3349=CARTESIAN_POINT('',(2.5,-85.5,40.));
#3350=VERTEX_POINT('',#3349);
#3351=CARTESIAN_POINT('',(2.5,-6.126588055,40.));
#3352=DIRECTION('',(0.,-1.,0.));
#3353=VECTOR('',#3352,79.373411945);
#3354=LINE('',#3351,#3353);
#3355=EDGE_CURVE('',#3342,#3350,#3354,.T.);
#3356=ORIENTED_EDGE('',*,*,#3355,.T.);
#3357=CARTESIAN_POINT('',(2.5,-85.5,40.));
#3358=DIRECTION('',(0.,0.,-1.));
#3359=VECTOR('',#3358,40.);
#3360=LINE('',#3357,#3359);
#3361=EDGE_CURVE('',#3350,#3334,#3360,.T.);
#3362=ORIENTED_EDGE('',*,*,#3361,.T.);
#3363=EDGE_LOOP('',(#3340,#3348,#3356,#3362));
#3364=FACE_BOUND('',#3363,.T.);
#3365=ADVANCED_FACE('',(#3364),#3330,.T.);
#3366=CARTESIAN_POINT('',(-53.,0.,40.));
#3367=CARTESIAN_POINT('',(-53.,0.,0.));
#3368=CARTESIAN_POINT('',(-3.594071643,-0.779507179,40.));
#3369=CARTESIAN_POINT('',(-3.594071643,-0.779507179,0.));
#3370=CARTESIAN_POINT('',(-0.180599248,-5.658954117,40.));
#3371=CARTESIAN_POINT('',(-0.180599248,-5.658954117,0.));
#3372=B_SPLINE_SURFACE_WITH_KNOTS('',2,1,((#3366,#3367),(#3368,#3369),(#3370,#3371)),.UNSPECIFIED.,.F.,.F.,.U.,(3,3),(2,2),(0.,0.966698566),(0.,1.),.UNSPECIFIED.);
#3373=CARTESIAN_POINT('',(-0.180599248,-5.658954117,0.));
#3374=VERTEX_POINT('',#3373);
#3375=CARTESIAN_POINT('',(-53.,0.,0.));
#3376=CARTESIAN_POINT('',(-3.594074604,-0.779507132,0.));
#3377=CARTESIAN_POINT('',(-0.180599657,-5.658953532,0.));
#3378=B_SPLINE_CURVE_WITH_KNOTS('',2,(#3375,#3376,#3377),.UNSPECIFIED.,.F.,.F.,(3,3),(0.,0.966698508),.UNSPECIFIED.);
#3379=EDGE_CURVE('',#2963,#3374,#3378,.T.);
#3380=ORIENTED_EDGE('',*,*,#3379,.T.);
#3381=CARTESIAN_POINT('',(-0.180599248,-5.658954117,40.));
#3382=VERTEX_POINT('',#3381);
#3383=CARTESIAN_POINT('',(-0.180599248,-5.658954117,0.));
#3384=DIRECTION('',(-0.,-0.,1.));
#3385=VECTOR('',#3384,40.);
#3386=LINE('',#3383,#3385);
#3387=EDGE_CURVE('',#3374,#3382,#3386,.T.);
#3388=ORIENTED_EDGE('',*,*,#3387,.T.);
#3389=CARTESIAN_POINT('',(-53.,0.,40.));
#3390=CARTESIAN_POINT('',(-3.594074604,-0.779507132,40.));
#3391=CARTESIAN_POINT('',(-0.180599657,-5.658953532,40.));
#3392=B_SPLINE_CURVE_WITH_KNOTS('',2,(#3389,#3390,#3391),.UNSPECIFIED.,.F.,.F.,(3,3),(0.,0.966698508),.UNSPECIFIED.);
#3393=EDGE_CURVE('',#2947,#3382,#3392,.T.);
#3394=ORIENTED_EDGE('',*,*,#3393,.F.);
#3395=ORIENTED_EDGE('',*,*,#2974,.T.);
#3396=EDGE_LOOP('',(#3380,#3388,#3394,#3395));
#3397=FACE_BOUND('',#3396,.T.);
#3398=ADVANCED_FACE('',(#3397),#3372,.F.);
#3399=CARTESIAN_POINT('',(0.,0.,40.));
#3400=DIRECTION('',(0.,0.,1.));
#3401=DIRECTION('',(-1.,0.,0.));
#3402=AXIS2_PLACEMENT_3D('',#3399,#3400,#3401);
#3403=PLANE('',#3402);
#3404=ORIENTED_EDGE('',*,*,#3355,.F.);
#3405=CARTESIAN_POINT('',(1.5,-6.126588055,40.));
#3406=DIRECTION('',(0.,0.,1.));
#3407=DIRECTION('',(1.,0.,-0.));
#3408=AXIS2_PLACEMENT_3D('',#3405,#3406,#3407);
#3409=CIRCLE('',#3408,1.);
#3410=EDGE_CURVE('',#3342,#2991,#3409,.T.);
#3411=ORIENTED_EDGE('',*,*,#3410,.T.);
#3412=ORIENTED_EDGE('',*,*,#2997,.F.);
#3413=ORIENTED_EDGE('',*,*,#3050,.F.);
#3414=CARTESIAN_POINT('',(-144.5,1.5,40.));
#3415=DIRECTION('',(0.,0.,1.));
#3416=DIRECTION('',(1.,0.,-0.));
#3417=AXIS2_PLACEMENT_3D('',#3414,#3415,#3416);
#3418=CIRCLE('',#3417,1.);
#3419=EDGE_CURVE('',#3039,#3064,#3418,.T.);
#3420=ORIENTED_EDGE('',*,*,#3419,.T.);
#3421=ORIENTED_EDGE('',*,*,#3069,.F.);
#3422=ORIENTED_EDGE('',*,*,#3123,.F.);
#3423=ORIENTED_EDGE('',*,*,#3154,.F.);
#3424=ORIENTED_EDGE('',*,*,#3185,.F.);
#3425=ORIENTED_EDGE('',*,*,#3216,.F.);
#3426=CARTESIAN_POINT('',(-45.5,-100.5,40.));
#3427=DIRECTION('',(0.,0.,1.));
#3428=DIRECTION('',(1.,0.,-0.));
#3429=AXIS2_PLACEMENT_3D('',#3426,#3427,#3428);
#3430=CIRCLE('',#3429,1.);
#3431=EDGE_CURVE('',#3205,#3230,#3430,.T.);
#3432=ORIENTED_EDGE('',*,*,#3431,.T.);
#3433=ORIENTED_EDGE('',*,*,#3235,.F.);
#3434=ORIENTED_EDGE('',*,*,#3289,.F.);
#3435=ORIENTED_EDGE('',*,*,#3320,.F.);
#3436=CARTESIAN_POINT('',(1.5,-85.5,40.));
#3437=DIRECTION('',(0.,0.,1.));
#3438=DIRECTION('',(1.,0.,-0.));
#3439=AXIS2_PLACEMENT_3D('',#3436,#3437,#3438);
#3440=CIRCLE('',#3439,1.);
#3441=EDGE_CURVE('',#3309,#3350,#3440,.T.);
#3442=ORIENTED_EDGE('',*,*,#3441,.T.);
#3443=EDGE_LOOP('',(#3404,#3411,#3412,#3413,#3420,#3421,#3422,#3423,#3424,#3425,#3432,#3433,#3434,#3435,#3442));
#3444=FACE_BOUND('',#3443,.T.);
#3445=ORIENTED_EDGE('',*,*,#3393,.T.);
#3446=CARTESIAN_POINT('',(-1.,-6.232175198,40.));
#3447=DIRECTION('',(-0.,-0.,-1.));
#3448=DIRECTION('',(1.,0.,-0.));
#3449=AXIS2_PLACEMENT_3D('',#3446,#3447,#3448);
#3450=CIRCLE('',#3449,1.);
#3451=EDGE_CURVE('',#3382,#2635,#3450,.T.);
#3452=ORIENTED_EDGE('',*,*,#3451,.T.);
#3453=ORIENTED_EDGE('',*,*,#2642,.T.);
#3454=CARTESIAN_POINT('',(-1.,-83.,40.));
#3455=DIRECTION('',(-0.,-0.,-1.));
#3456=DIRECTION('',(1.,0.,-0.));
#3457=AXIS2_PLACEMENT_3D('',#3454,#3455,#3456);
#3458=CIRCLE('',#3457,1.);
#3459=EDGE_CURVE('',#2637,#2675,#3458,.T.);
#3460=ORIENTED_EDGE('',*,*,#3459,.T.);
#3461=ORIENTED_EDGE('',*,*,#2682,.T.);
#3462=ORIENTED_EDGE('',*,*,#2736,.T.);
#3463=ORIENTED_EDGE('',*,*,#2767,.T.);
#3464=CARTESIAN_POINT('',(-48.,-98.,40.));
#3465=DIRECTION('',(-0.,-0.,-1.));
#3466=DIRECTION('',(1.,0.,-0.));
#3467=AXIS2_PLACEMENT_3D('',#3464,#3465,#3466);
#3468=CIRCLE('',#3467,1.);
#3469=EDGE_CURVE('',#2756,#2779,#3468,.T.);
#3470=ORIENTED_EDGE('',*,*,#3469,.T.);
#3471=ORIENTED_EDGE('',*,*,#2786,.T.);
#3472=ORIENTED_EDGE('',*,*,#2838,.T.);
#3473=ORIENTED_EDGE('',*,*,#2869,.T.);
#3474=ORIENTED_EDGE('',*,*,#2902,.T.);
#3475=ORIENTED_EDGE('',*,*,#2933,.T.);
#3476=CARTESIAN_POINT('',(-142.,-1.,40.));
#3477=DIRECTION('',(-0.,-0.,-1.));
#3478=DIRECTION('',(1.,0.,-0.));
#3479=AXIS2_PLACEMENT_3D('',#3476,#3477,#3478);
#3480=CIRCLE('',#3479,1.);
#3481=EDGE_CURVE('',#2922,#2945,#3480,.T.);
#3482=ORIENTED_EDGE('',*,*,#3481,.T.);
#3483=ORIENTED_EDGE('',*,*,#2952,.T.);
#3484=EDGE_LOOP('',(#3445,#3452,#3453,#3460,#3461,#3462,#3463,#3470,#3471,#3472,#3473,#3474,#3475,#3482,#3483));
#3485=FACE_BOUND('',#3484,.T.);
#3486=ADVANCED_FACE('',(#3444,#3485),#3403,.T.);
#3487=CARTESIAN_POINT('',(0.,0.,0.));
#3488=DIRECTION('',(0.,0.,1.));
#3489=DIRECTION('',(-1.,0.,0.));
#3490=AXIS2_PLACEMENT_3D('',#3487,#3488,#3489);
#3491=PLANE('',#3490);
#3492=ORIENTED_EDGE('',*,*,#3014,.T.);
#3493=CARTESIAN_POINT('',(1.5,-6.126588055,0.));
#3494=DIRECTION('',(-0.,-0.,-1.));
#3495=DIRECTION('',(1.,0.,-0.));
#3496=AXIS2_PLACEMENT_3D('',#3493,#3494,#3495);
#3497=CIRCLE('',#3496,1.);
#3498=EDGE_CURVE('',#3000,#3332,#3497,.T.);
#3499=ORIENTED_EDGE('',*,*,#3498,.T.);
#3500=ORIENTED_EDGE('',*,*,#3339,.T.);
#3501=CARTESIAN_POINT('',(1.5,-85.5,0.));
#3502=DIRECTION('',(-0.,-0.,-1.));
#3503=DIRECTION('',(1.,0.,-0.));
#3504=AXIS2_PLACEMENT_3D('',#3501,#3502,#3503);
#3505=CIRCLE('',#3504,1.);
#3506=EDGE_CURVE('',#3334,#3301,#3505,.T.);
#3507=ORIENTED_EDGE('',*,*,#3506,.T.);
#3508=ORIENTED_EDGE('',*,*,#3306,.T.);
#3509=ORIENTED_EDGE('',*,*,#3274,.T.);
#3510=ORIENTED_EDGE('',*,*,#3251,.T.);
#3511=CARTESIAN_POINT('',(-45.5,-100.5,0.));
#3512=DIRECTION('',(-0.,-0.,-1.));
#3513=DIRECTION('',(1.,0.,-0.));
#3514=AXIS2_PLACEMENT_3D('',#3511,#3512,#3513);
#3515=CIRCLE('',#3514,1.);
#3516=EDGE_CURVE('',#3238,#3197,#3515,.T.);
#3517=ORIENTED_EDGE('',*,*,#3516,.T.);
#3518=ORIENTED_EDGE('',*,*,#3202,.T.);
#3519=ORIENTED_EDGE('',*,*,#3171,.T.);
#3520=ORIENTED_EDGE('',*,*,#3140,.T.);
#3521=ORIENTED_EDGE('',*,*,#3108,.T.);
#3522=ORIENTED_EDGE('',*,*,#3085,.T.);
#3523=CARTESIAN_POINT('',(-144.5,1.5,0.));
#3524=DIRECTION('',(-0.,-0.,-1.));
#3525=DIRECTION('',(1.,0.,-0.));
#3526=AXIS2_PLACEMENT_3D('',#3523,#3524,#3525);
#3527=CIRCLE('',#3526,1.);
#3528=EDGE_CURVE('',#3072,#3031,#3527,.T.);
#3529=ORIENTED_EDGE('',*,*,#3528,.T.);
#3530=ORIENTED_EDGE('',*,*,#3036,.T.);
#3531=EDGE_LOOP('',(#3492,#3499,#3500,#3507,#3508,#3509,#3510,#3517,#3518,#3519,#3520,#3521,#3522,#3529,#3530));
#3532=FACE_BOUND('',#3531,.T.);
#3533=ORIENTED_EDGE('',*,*,#2658,.F.);
#3534=CARTESIAN_POINT('',(-1.,-6.232175198,0.));
#3535=DIRECTION('',(0.,0.,1.));
#3536=DIRECTION('',(1.,0.,-0.));
#3537=AXIS2_PLACEMENT_3D('',#3534,#3535,#3536);
#3538=CIRCLE('',#3537,1.);
#3539=EDGE_CURVE('',#2645,#3374,#3538,.T.);
#3540=ORIENTED_EDGE('',*,*,#3539,.T.);
#3541=ORIENTED_EDGE('',*,*,#3379,.F.);
#3542=ORIENTED_EDGE('',*,*,#2968,.F.);
#3543=CARTESIAN_POINT('',(-142.,-1.,0.));
#3544=DIRECTION('',(0.,0.,1.));
#3545=DIRECTION('',(1.,0.,-0.));
#3546=AXIS2_PLACEMENT_3D('',#3543,#3544,#3545);
#3547=CIRCLE('',#3546,1.);
#3548=EDGE_CURVE('',#2955,#2914,#3547,.T.);
#3549=ORIENTED_EDGE('',*,*,#3548,.T.);
#3550=ORIENTED_EDGE('',*,*,#2919,.F.);
#3551=ORIENTED_EDGE('',*,*,#2887,.F.);
#3552=ORIENTED_EDGE('',*,*,#2855,.F.);
#3553=ORIENTED_EDGE('',*,*,#2824,.F.);
#3554=ORIENTED_EDGE('',*,*,#2802,.F.);
#3555=CARTESIAN_POINT('',(-48.,-98.,0.));
#3556=DIRECTION('',(0.,0.,1.));
#3557=DIRECTION('',(1.,0.,-0.));
#3558=AXIS2_PLACEMENT_3D('',#3555,#3556,#3557);
#3559=CIRCLE('',#3558,1.);
#3560=EDGE_CURVE('',#2789,#2748,#3559,.T.);
#3561=ORIENTED_EDGE('',*,*,#3560,.T.);
#3562=ORIENTED_EDGE('',*,*,#2753,.F.);
#3563=ORIENTED_EDGE('',*,*,#2721,.F.);
#3564=ORIENTED_EDGE('',*,*,#2698,.F.);
#3565=CARTESIAN_POINT('',(-1.,-83.,0.));
#3566=DIRECTION('',(0.,0.,1.));
#3567=DIRECTION('',(1.,0.,-0.));
#3568=AXIS2_PLACEMENT_3D('',#3565,#3566,#3567);
#3569=CIRCLE('',#3568,1.);
#3570=EDGE_CURVE('',#2685,#2653,#3569,.T.);
#3571=ORIENTED_EDGE('',*,*,#3570,.T.);
#3572=EDGE_LOOP('',(#3533,#3540,#3541,#3542,#3549,#3550,#3551,#3552,#3553,#3554,#3561,#3562,#3563,#3564,#3571));
#3573=FACE_BOUND('',#3572,.T.);
#3574=ADVANCED_FACE('',(#3532,#3573),#3491,.F.);
#3575=CARTESIAN_POINT('',(-1.,-6.232175198,20.));
#3576=DIRECTION('',(0.,0.,-1.));
#3577=DIRECTION('',(-1.,0.,0.));
#3578=AXIS2_PLACEMENT_3D('',#3575,#3576,#3577);
#3579=CYLINDRICAL_SURFACE('',#3578,1.);
#3580=ORIENTED_EDGE('',*,*,#3451,.F.);
#3581=ORIENTED_EDGE('',*,*,#3387,.F.);
#3582=ORIENTED_EDGE('',*,*,#3539,.F.);
#3583=ORIENTED_EDGE('',*,*,#2650,.F.);
#3584=EDGE_LOOP('',(#3580,#3581,#3582,#3583));
#3585=FACE_BOUND('',#3584,.T.);
#3586=ADVANCED_FACE('',(#3585),#3579,.F.);
#3587=CARTESIAN_POINT('',(-142.,-1.,40.));
#3588=DIRECTION('',(0.,0.,1.));
#3589=DIRECTION('',(1.,0.,-0.));
#3590=AXIS2_PLACEMENT_3D('',#3587,#3588,#3589);
#3591=CYLINDRICAL_SURFACE('',#3590,1.);
#3592=ORIENTED_EDGE('',*,*,#3481,.F.);
#3593=ORIENTED_EDGE('',*,*,#2927,.F.);
#3594=ORIENTED_EDGE('',*,*,#3548,.F.);
#3595=ORIENTED_EDGE('',*,*,#2960,.F.);
#3596=EDGE_LOOP('',(#3592,#3593,#3594,#3595));
#3597=FACE_BOUND('',#3596,.T.);
#3598=ADVANCED_FACE('',(#3597),#3591,.F.);
#3599=CARTESIAN_POINT('',(-48.,-98.,40.));
#3600=DIRECTION('',(0.,0.,1.));
#3601=DIRECTION('',(1.,0.,-0.));
#3602=AXIS2_PLACEMENT_3D('',#3599,#3600,#3601);
#3603=CYLINDRICAL_SURFACE('',#3602,1.);
#3604=ORIENTED_EDGE('',*,*,#3469,.F.);
#3605=ORIENTED_EDGE('',*,*,#2761,.F.);
#3606=ORIENTED_EDGE('',*,*,#3560,.F.);
#3607=ORIENTED_EDGE('',*,*,#2794,.F.);
#3608=EDGE_LOOP('',(#3604,#3605,#3606,#3607));
#3609=FACE_BOUND('',#3608,.T.);
#3610=ADVANCED_FACE('',(#3609),#3603,.F.);
#3611=CARTESIAN_POINT('',(-1.,-83.,40.));
#3612=DIRECTION('',(0.,0.,1.));
#3613=DIRECTION('',(1.,0.,-0.));
#3614=AXIS2_PLACEMENT_3D('',#3611,#3612,#3613);
#3615=CYLINDRICAL_SURFACE('',#3614,1.);
#3616=ORIENTED_EDGE('',*,*,#3459,.F.);
#3617=ORIENTED_EDGE('',*,*,#2664,.F.);
#3618=ORIENTED_EDGE('',*,*,#3570,.F.);
#3619=ORIENTED_EDGE('',*,*,#2690,.F.);
#3620=EDGE_LOOP('',(#3616,#3617,#3618,#3619));
#3621=FACE_BOUND('',#3620,.T.);
#3622=ADVANCED_FACE('',(#3621),#3615,.F.);
#3623=CARTESIAN_POINT('',(1.5,-6.126588055,20.));
#3624=DIRECTION('',(0.,0.,-1.));
#3625=DIRECTION('',(-1.,0.,0.));
#3626=AXIS2_PLACEMENT_3D('',#3623,#3624,#3625);
#3627=CYLINDRICAL_SURFACE('',#3626,1.);
#3628=ORIENTED_EDGE('',*,*,#3410,.F.);
#3629=ORIENTED_EDGE('',*,*,#3347,.F.);
#3630=ORIENTED_EDGE('',*,*,#3498,.F.);
#3631=ORIENTED_EDGE('',*,*,#3005,.F.);
#3632=EDGE_LOOP('',(#3628,#3629,#3630,#3631));
#3633=FACE_BOUND('',#3632,.T.);
#3634=ADVANCED_FACE('',(#3633),#3627,.T.);
#3635=CARTESIAN_POINT('',(1.5,-85.5,40.));
#3636=DIRECTION('',(0.,0.,-1.));
#3637=DIRECTION('',(-1.,0.,0.));
#3638=AXIS2_PLACEMENT_3D('',#3635,#3636,#3637);
#3639=CYLINDRICAL_SURFACE('',#3638,1.);
#3640=ORIENTED_EDGE('',*,*,#3441,.F.);
#3641=ORIENTED_EDGE('',*,*,#3314,.F.);
#3642=ORIENTED_EDGE('',*,*,#3506,.F.);
#3643=ORIENTED_EDGE('',*,*,#3361,.F.);
#3644=EDGE_LOOP('',(#3640,#3641,#3642,#3643));
#3645=FACE_BOUND('',#3644,.T.);
#3646=ADVANCED_FACE('',(#3645),#3639,.T.);
#3647=CARTESIAN_POINT('',(-144.5,1.5,40.));
#3648=DIRECTION('',(0.,0.,-1.));
#3649=DIRECTION('',(-1.,0.,0.));
#3650=AXIS2_PLACEMENT_3D('',#3647,#3648,#3649);
#3651=CYLINDRICAL_SURFACE('',#3650,1.);
#3652=ORIENTED_EDGE('',*,*,#3419,.F.);
#3653=ORIENTED_EDGE('',*,*,#3044,.F.);
#3654=ORIENTED_EDGE('',*,*,#3528,.F.);
#3655=ORIENTED_EDGE('',*,*,#3077,.F.);
#3656=EDGE_LOOP('',(#3652,#3653,#3654,#3655));
#3657=FACE_BOUND('',#3656,.T.);
#3658=ADVANCED_FACE('',(#3657),#3651,.T.);
#3659=CARTESIAN_POINT('',(-45.5,-100.5,40.));
#3660=DIRECTION('',(0.,0.,-1.));
#3661=DIRECTION('',(-1.,0.,0.));
#3662=AXIS2_PLACEMENT_3D('',#3659,#3660,#3661);
#3663=CYLINDRICAL_SURFACE('',#3662,1.);
#3664=ORIENTED_EDGE('',*,*,#3431,.F.);
#3665=ORIENTED_EDGE('',*,*,#3210,.F.);
#3666=ORIENTED_EDGE('',*,*,#3516,.F.);
#3667=ORIENTED_EDGE('',*,*,#3243,.F.);
#3668=EDGE_LOOP('',(#3664,#3665,#3666,#3667));
#3669=FACE_BOUND('',#3668,.T.);
#3670=ADVANCED_FACE('',(#3669),#3663,.T.);
#3671=CLOSED_SHELL('',(#2668,#2708,#2741,#2772,#2812,#2843,#2874,#2907,#2938,#2978,#3024,#3055,#3095,#3128,#3159,#3190,#3221,#3261,#3294,#3325,#3365,#3398,#3486,#3574,#3586,#3598,
#3610,#3622,#3634,#3646,#3658,#3670));
#3672=MANIFOLD_SOLID_BREP('\X2\04200430043C043A0430\X0\:1',#3671);
#2628=STYLED_ITEM('',(#2627),#3672);
#16=SHAPE_REPRESENTATION('\X2\042704350445043E043B\X0\',(#15),#10);
#17=ADVANCED_BREP_SHAPE_REPRESENTATION('\X2\042704350445043E043B\X0\',(#2620,#3672),#10);
#3680=SHAPE_REPRESENTATION_RELATIONSHIP('','',#16,#17);
#3681=APPLICATION_CONTEXT('data for automotive mechanical design processes');
#3682=APPLICATION_PROTOCOL_DEFINITION('international standard','automotive_design',1994,#3681);
#3683=PRODUCT_CONTEXT('',#3681,'mechanical');
#3684=PRODUCT_DEFINITION_CONTEXT('part definition',#3681,'design');
#24=PRODUCT('\X2\042704350445043E043B\X0\','\X2\042704350445043E043B\X0\','',(#3683));
#3685=PRODUCT_RELATED_PRODUCT_CATEGORY('part','',(#24));
#3686=PRODUCT_DEFINITION_FORMATION_WITH_SPECIFIED_SOURCE('','',#24,.NOT_KNOWN.);
#25=PRODUCT_DEFINITION('design','',#3686,#3684);
#23=PRODUCT_DEFINITION_SHAPE('','',#25);
#3687=SHAPE_DEFINITION_REPRESENTATION(#23,#16);
#11=DRAUGHTING_MODEL('',(),#10);
#1=MECHANICAL_DESIGN_GEOMETRIC_PRESENTATION_REPRESENTATION('',(#26,#2628),#10);
ENDSEC;
END-ISO-10303-21;
